Raw_Distance,Calibrated_Filtered_Distance
207.4,210.31
204.1,207.41
202.5,205.42
201.8,205.07
205.9,208.68
208.0,211.14
207.5,210.52
203.3,205.99
203.0,206.26
201.9,205.21
208.8,211.91
203.4,206.18
202.9,206.19
207.1,210.67
207.4,210.5
207.4,210.33
206.8,209.59
203.5,206.56
204.6,207.65
208.5,211.27
204.1,207.48
206.9,209.93
206.6,209.61
207.4,210.29
203.4,206.46
204.3,207.27
205.7,209.22
204.5,207.67
203.5,206.45
207.1,210.29
202.9,205.89
206.5,209.45
208.3,211.36
203.9,206.84
202.7,205.87
202.9,205.91
207.8,210.69
209.3,212.24
203.7,206.85
203.0,205.97
208.1,210.97
203.6,207.01
206.5,209.25
204.2,207.3
208.3,211.23
205.2,207.99
209.6,212.92
205.3,208.45
204.4,207.47
207.8,210.91
207.1,209.74
204.8,207.93
204.9,207.97
205.1,208.02
205.0,208.27
205.0,208.09
208.9,211.85
208.9,211.95
209.4,212.42
209.0,212.12
208.8,212.09
209.9,212.79
206.0,208.61
211.0,214.02
208.0,211.0
207.0,209.9
210.9,214.11
205.1,207.72
210.2,213.12
206.5,209.2
205.4,208.52
210.5,213.1
210.1,212.96
208.3,211.21
207.8,210.71
208.0,211.07
208.0,210.77
210.5,213.5
210.7,214.07
211.7,214.94
206.7,209.78
208.4,211.35
211.7,214.76
212.0,214.78
212.3,215.72
212.7,215.65
207.8,211.17
209.6,212.44
207.9,210.89
209.4,212.3
213.2,216.42
209.1,211.88
209.7,212.49
208.6,211.45
210.2,213.22
209.6,212.53
209.3,212.43
210.9,213.75
213.9,216.58
213.4,216.21
213.1,216.25
211.1,214.02
213.5,216.76
212.3,215.2
209.6,212.48
216.1,219.47
211.3,214.52
211.4,214.45
215.2,218.28
215.9,219.16
216.1,219.0
217.1,220.03
212.4,215.46
212.5,215.66
212.7,215.45
213.2,215.86
213.2,216.31
215.9,218.98
212.5,215.43
214.1,217.19
213.9,216.94
214.0,216.87
217.8,221.21
218.9,221.65
218.2,221.18
214.1,217.2
215.1,218.12
214.4,217.44
219.3,222.69
214.6,217.31
216.6,219.56
220.4,223.35
220.6,223.4
221.0,224.16
218.0,220.88
221.6,224.61
215.9,218.68
215.9,219.32
221.0,224.04
217.6,220.75
218.4,221.34
221.7,224.64
218.4,221.55
221.9,225.07
222.4,225.42
221.9,225.06
218.8,221.66
218.5,221.57
222.5,226.1
224.8,227.86
219.4,222.61
226.2,229.54
224.9,228.19
221.2,224.21
220.9,223.68
226.2,229.1
221.3,224.4
222.3,225.19
228.2,231.28
222.4,225.55
227.5,230.75
222.3,225.63
223.3,226.41
225.1,228.03
227.5,230.51
225.5,228.62
228.9,232.07
228.5,231.4
229.3,232.58
226.3,229.13
226.0,229.15
228.6,231.8
225.4,228.73
230.3,233.38
227.0,229.81
231.7,234.63
227.8,230.61
230.9,233.78
228.2,231.37
232.8,235.86
233.0,236.13
234.1,236.84
233.7,236.97
234.2,237.01
234.1,236.94
233.4,236.07
234.9,237.97
235.3,238.13
236.0,238.51
234.6,237.69
234.9,238.17
236.7,240.12
236.8,239.64
237.2,240.53
237.3,240.39
237.8,240.74
238.8,241.78
238.1,241.04
238.9,241.86
239.1,241.81
239.0,242.19
239.5,242.65
240.3,243.42
240.4,243.27
242.1,244.95
240.8,243.72
241.9,244.63
241.6,244.83
244.0,246.63
243.4,246.08
244.2,247.1
243.0,245.61
244.0,247.33
245.1,248.2
244.8,248.0
246.3,249.14
245.2,248.37
247.4,250.23
248.6,251.31
246.9,249.74
247.2,250.1
248.8,251.95
249.3,252.48
248.6,251.34
249.0,251.85
249.4,252.39
249.0,252.04
249.4,252.81
250.0,253.19
251.2,253.83
251.6,254.83
252.5,255.5
254.1,256.95
252.3,255.5
254.5,257.46
254.2,257.04
254.6,257.64
256.2,258.66
254.5,257.8
256.6,259.42
256.7,259.75
257.6,260.49
257.9,260.84
259.8,262.96
258.2,261.15
258.4,261.74
259.3,262.19
259.8,262.76
260.3,263.22
262.3,265.12
262.9,265.82
261.9,264.86
262.0,265.2
263.6,266.72
263.7,266.5
265.2,267.94
265.1,268.17
264.5,267.44
267.1,270.3
268.3,271.06
267.0,269.82
268.0,270.57
268.5,271.65
269.2,272.27
270.2,273.1
271.8,274.71
270.6,273.67
270.6,273.81
271.2,273.98
272.2,275.07
273.0,276.21
274.8,277.56
272.2,274.99
271.7,274.71
270.7,273.71
270.9,273.8
270.8,273.99
267.9,270.89
266.7,270.12
267.7,270.48
266.1,269.43
266.8,269.52
264.7,267.8
263.3,266.33
263.2,266.28
262.9,265.92
262.2,264.95
260.5,263.98
260.9,263.66
260.1,263.01
259.2,262.44
258.0,261.17
257.2,259.85
256.2,259.38
256.2,259.47
254.5,257.26
254.5,257.46
253.0,256.2
252.9,255.84
252.9,256.1
251.8,254.62
251.1,253.85
249.2,252.13
250.1,253.06
249.7,252.34
249.8,252.83
247.1,250.34
247.2,250.1
246.9,249.5
246.7,249.87
244.9,248.0
244.7,247.66
244.3,247.3
243.2,246.38
242.5,245.31
242.7,245.19
242.3,245.26
239.9,243.1
240.1,243.39
239.2,242.19
240.3,243.03
237.5,240.43
237.6,240.59
237.6,240.73
237.8,241.06
236.5,239.29
235.6,238.37
236.3,239.66
233.9,236.62
232.6,235.52
234.3,236.97
232.5,235.74
231.6,234.83
232.6,235.61
231.8,234.74
231.0,233.62
229.7,232.58
230.6,233.69
229.8,233.02
229.2,231.97
229.7,232.93
227.6,230.26
226.4,229.43
226.9,229.57
226.7,229.58
226.3,229.32
225.4,228.49
225.4,228.46
223.9,226.8
225.4,228.36
223.6,226.76
224.2,227.2
223.2,226.17
222.4,225.81
222.5,225.45
221.7,224.92
221.4,224.63
221.4,224.71
220.1,223.43
220.1,223.38
219.2,222.36
220.5,223.09
218.0,221.08
219.6,222.52
217.8,220.73
216.3,219.28
217.0,220.04
215.8,219.03
217.1,219.77
215.6,218.26
214.7,218.02
213.3,216.54
214.2,217.23
212.2,215.37
212.7,215.62
213.8,217.0
214.1,216.64
213.2,215.99
211.6,214.58
212.1,214.9
211.8,214.56
210.2,213.34
211.8,214.97
211.2,214.14
210.1,212.96
209.8,212.8
209.3,212.58
207.4,210.55
208.5,211.55
207.9,210.88
207.7,210.3
207.2,210.51
208.8,211.73
207.8,210.53
206.7,209.29
206.7,209.82
207.2,210.12
206.6,209.44
205.5,208.47
204.6,207.62
205.4,208.32
204.3,207.78
205.0,207.84
204.4,207.34
204.3,207.34
203.3,205.85
203.8,206.94
202.7,205.8
204.3,206.91
201.4,204.55
203.0,206.07
201.6,204.63
200.9,203.71
200.6,203.55
200.1,203.38
200.6,203.66
200.3,203.46
199.3,202.36
199.6,202.5
200.9,203.85
211.9,215.27
199.2,202.03
210.5,213.47
210.5,213.26
198.5,201.37
209.1,211.88
209.3,212.2
208.2,210.89
209.3,212.18
197.1,200.12
196.5,199.02
209.5,212.32
207.1,209.97
206.3,209.55
207.3,210.57
208.0,210.95
208.2,211.19
206.2,209.35
207.3,210.26
206.5,209.19
206.0,208.86
194.2,197.43
194.0,197.03
204.0,207.13
206.1,209.2
193.8,196.9
192.1,195.18
204.5,207.73
192.6,195.59
192.1,195.2
202.8,206.38
203.5,206.08
203.6,206.35
192.0,195.05
203.4,206.37
190.2,193.48
203.5,206.14
200.6,203.22
203.1,206.02
200.9,203.66
201.5,204.5
200.5,203.74
188.3,191.41
202.1,205.07
188.6,191.66
189.0,192.08
200.6,203.6
200.8,203.81
200.3,203.33
198.9,202.13
200.5,203.67
199.1,202.37
198.6,201.4
198.7,202.07
188.6,191.35
200.0,202.69
186.6,189.63
185.9,189.46
198.2,201.31
187.9,190.95
198.3,201.52
198.3,201.39
199.0,201.69
198.1,200.93
185.2,188.41
197.0,200.3
197.2,200.24
197.1,200.12
197.6,200.54
196.8,199.89
185.4,188.25
196.9,199.5
196.6,199.47
194.8,197.77
184.8,187.82
196.2,199.25
196.8,199.6
193.4,196.55
197.2,200.15
183.4,186.35
196.1,199.15
194.1,197.41
183.6,186.52
194.1,197.15
194.4,197.34
196.0,199.12
194.7,197.42
194.4,197.61
195.3,197.98
182.2,185.58
194.3,197.2
194.3,197.25
195.5,198.66
193.8,196.7
194.0,196.79
193.9,197.32
194.3,197.25
193.7,197.2
193.5,196.69
192.6,195.24
194.1,197.22
191.8,195.04
193.0,196.02
180.5,183.13
192.2,195.55
180.5,183.75
193.0,195.65
193.0,195.63
181.4,184.44
192.2,195.48
180.3,182.86
181.0,183.68
192.9,195.76
190.7,193.87
180.1,183.15
192.1,195.15
191.4,194.32
180.8,183.49
191.4,194.27
179.2,182.4
179.4,182.1
191.2,194.16
190.4,193.26
190.2,192.93
191.9,195.13
190.2,193.23
189.9,193.05
188.8,192.12
190.3,193.19
178.1,180.61
191.4,194.77
179.2,182.23
178.0,180.9
192.1,195.05
191.0,194.04
189.7,193.0
188.4,191.31
179.7,182.85
176.6,180.04
177.0,179.8
190.9,193.75
191.8,194.76
191.0,193.92
178.5,181.26
190.3,193.24
190.6,193.39
190.2,193.27
190.1,192.88
189.8,192.7
177.6,180.54
188.7,191.98
189.4,192.3
176.0,179.21
177.2,180.37
176.5,179.67
176.3,179.55
189.9,192.48
190.6,193.36
190.4,192.98
175.8,179.09
188.5,191.5
189.7,192.92
176.3,179.46
188.8,192.0
189.8,192.57
188.3,191.41
189.4,192.2
176.2,179.1
189.1,191.63
189.0,192.31
188.1,190.86
189.6,192.38
188.8,192.02
177.6,180.44
177.3,180.19
190.0,193.04
176.9,180.1
188.5,191.68
189.5,192.09
189.4,192.41
189.2,192.04
188.9,192.03
188.3,191.48
188.7,191.51
187.7,190.96
190.2,193.33
188.1,191.09
188.5,191.51
176.5,179.5
177.8,180.72
177.0,179.84
178.2,181.01
176.4,179.59
189.3,192.32
176.7,179.5
190.9,193.75
188.0,191.27
177.5,180.42
189.3,192.68
177.5,180.54
177.5,180.11
189.0,192.18
189.2,192.34
189.4,192.22
189.8,193.09
190.9,194.05
177.1,180.01
176.3,179.43
189.4,192.43
191.6,194.46
189.0,191.96
190.9,193.83
190.8,193.9
189.3,192.27
190.1,193.15
191.1,193.99
189.4,192.53
189.7,192.71
189.3,192.47
189.2,192.19
177.4,180.52
188.9,192.14
190.2,193.13
189.6,192.58
190.5,193.39
189.0,192.1
190.7,193.58
179.1,182.01
189.0,191.95
178.6,181.79
191.5,194.49
189.8,192.73
192.0,194.95
190.7,194.08
190.3,193.3
191.3,193.86
179.3,182.39
191.0,194.1
191.6,194.52
190.6,193.5
191.6,194.39
190.0,193.28
179.5,182.34
190.9,193.82
179.0,182.03
192.7,195.59
192.8,195.56
192.5,195.29
190.9,194.1
179.9,182.76
181.0,184.0
192.3,195.29
194.0,197.01
180.6,183.66
180.8,183.6
192.3,195.32
180.5,183.75
192.6,195.63
193.4,196.38
181.9,184.67
180.6,183.46
192.0,195.16
192.4,194.88
193.8,196.75
192.9,195.65
191.9,194.97
194.1,196.98
195.8,198.67
194.2,196.91
182.9,185.66
194.4,197.21
194.1,197.19
195.0,198.07
194.4,197.29
183.0,185.83
194.9,197.99
182.6,185.37
196.0,198.74
182.8,186.0
182.5,185.69
183.8,186.79
194.9,197.85
195.6,198.67
196.1,198.78
196.8,199.74
196.4,199.42
183.9,187.18
196.7,199.96
185.6,188.53
196.6,200.05
185.0,187.78
195.9,198.94
184.9,187.27
197.5,199.99
196.9,199.91
197.4,200.38
185.9,188.72
198.6,201.23
197.6,200.94
198.2,201.52
198.2,201.36
197.1,199.99
198.0,200.93
198.9,201.7
197.8,201.06
199.1,202.59
188.6,191.46
188.2,191.4
199.1,202.49
201.0,203.95
200.3,203.12
199.9,202.93
187.8,190.91
188.3,191.32
200.4,203.44
200.8,204.04
201.1,204.22
189.4,192.29
201.9,204.81
202.6,205.57
202.4,205.58
200.9,203.95
199.9,203.34
203.2,206.16
201.9,204.63
190.4,193.69
202.1,205.19
202.0,204.92
204.1,206.88
204.2,207.26
203.3,206.46
201.8,205.17
203.9,206.91
205.2,207.83
191.7,194.65
193.1,196.12
205.3,208.19
205.9,208.86
205.6,208.74
193.3,196.15
207.0,210.0
206.2,209.22
206.4,209.55
206.4,209.11
206.8,209.71
206.5,209.62
207.6,210.39
197.0,200.05
194.8,197.98
206.9,210.05
209.3,212.61
208.7,211.6
208.1,211.51
209.8,213.05
208.7,212.07
211.1,214.15
210.5,213.55
197.9,200.94
212.0,215.19
198.1,201.38
199.8,202.66
199.5,202.6
200.7,203.63
200.9,204.1
200.3,203.23
200.2,202.92
201.2,204.11
200.5,203.54
202.9,205.85
201.7,204.73
201.6,204.64
202.3,205.35
201.5,204.49
202.1,205.07
203.8,207.0
202.7,205.91
202.6,205.92
204.1,207.42
205.0,208.21
205.2,208.18
205.5,208.7
204.8,207.7
204.5,207.52
206.6,210.03
206.1,208.99
206.5,209.37
207.7,210.88
207.7,210.63
207.7,210.89
209.5,212.51
207.5,210.74
208.9,212.26
208.9,211.95
209.4,212.46
210.7,213.75
210.1,213.33
210.6,213.71
211.5,214.47
210.7,213.75
210.8,213.76
210.8,213.97
210.9,213.64
213.8,217.03
212.1,215.03
213.3,216.07
213.5,216.41
214.2,217.23
214.9,217.99
215.6,218.41
214.4,217.72
215.2,218.42
216.1,219.16
216.4,219.16
218.0,220.95
217.3,220.52
218.0,221.11
218.3,221.46
219.1,222.26
219.1,221.93
218.0,221.25
220.3,222.94
219.7,222.58
220.3,223.1
221.3,224.37
222.3,225.29
221.5,224.82
222.4,225.48
224.1,226.97
223.6,226.32
225.3,228.54
224.4,227.47
223.2,226.19
225.3,228.53
225.8,228.72
226.7,229.87
226.8,229.88
226.7,229.75
226.3,229.41
227.7,230.66
227.6,230.66
228.3,231.36
229.6,232.73
231.1,234.04
230.9,233.58
229.9,232.9
231.8,234.64
232.4,235.71
231.9,234.88
232.5,235.75
233.1,236.39
233.2,236.32
235.2,237.93
235.1,237.89
235.9,238.83
235.1,238.4
236.2,239.29
237.8,240.71
237.5,240.45
239.2,242.58
238.4,241.55
239.6,242.59
240.8,243.7
239.1,242.51
239.8,242.84
240.6,243.61
243.5,246.29
242.7,245.53
245.6,248.46
243.6,246.73
244.5,247.9
246.5,249.53
247.7,250.5
248.4,251.17
248.3,251.16
248.7,251.66
249.1,251.97
249.6,252.76
249.4,252.41
250.2,252.87
251.0,254.14
252.0,254.68
252.1,255.14
253.9,256.68
254.3,257.56
254.7,257.59
256.2,259.33
254.8,258.06
256.5,259.48
257.0,259.79
256.5,259.65
258.4,261.71
259.4,262.4
261.3,264.36
261.5,264.44
261.1,263.94
263.8,266.85
264.5,267.13
264.5,267.42
264.5,267.58
264.5,267.8
266.0,269.03
267.8,270.91
269.5,272.3
269.9,272.85
268.9,272.13
269.5,272.47
271.4,274.24
270.9,273.64
273.2,276.04
273.6,276.44
272.6,275.58
271.2,274.12
272.3,275.09
270.4,273.7
269.6,272.62
267.6,270.75
269.4,272.3
270.3,273.06
269.3,272.39
266.7,270.23
266.5,269.54
267.0,269.78
265.2,268.11
265.6,268.53
265.3,268.32
264.9,268.11
263.7,266.57
262.8,265.95
262.3,264.9
261.5,264.4
261.2,264.32
261.1,264.24
261.1,264.12
259.3,262.31
260.7,263.52
258.7,261.68
258.2,261.36
257.7,260.31
255.6,258.55
257.7,260.53
256.8,259.93
255.7,258.68
255.5,258.45
254.9,258.3
253.7,256.26
253.8,256.56
254.0,257.08
251.9,255.08
252.8,255.77
251.1,254.07
252.1,254.98
251.2,254.15
249.6,252.51
251.4,254.15
249.4,252.28
248.6,251.78
249.4,252.1
249.7,252.37
247.9,250.32
247.5,250.7
247.6,250.54
246.9,250.32
246.6,249.51
245.6,248.69
245.3,247.93
245.0,248.2
243.6,246.93
242.0,245.14
243.9,247.25
244.4,247.2
240.9,244.36
242.0,244.98
242.4,245.81
243.4,246.51
241.9,244.59
240.7,243.65
240.5,243.68
241.5,244.47
239.6,242.59
239.2,242.1
238.7,241.97
238.4,241.26
238.2,241.7
239.3,242.47
238.0,241.14
237.5,240.35
237.0,239.97
235.4,238.67
237.0,240.16
236.1,239.1
235.7,238.68
237.8,240.87
235.3,238.37
234.4,237.25
234.1,237.16
235.0,238.01
234.3,236.91
232.1,235.43
233.5,236.88
232.5,235.37
233.8,236.96
233.0,236.05
231.4,234.6
232.5,235.59
231.7,234.37
231.8,234.66
231.3,234.08
229.5,232.79
229.4,232.64
230.0,233.6
229.1,232.29
229.1,231.95
228.4,231.25
229.0,232.0
229.9,232.95
227.2,230.32
227.9,230.86
228.8,231.63
226.9,230.24
227.4,230.37
226.1,228.96
226.7,229.81
226.2,229.09
227.3,229.71
226.6,229.6
227.5,230.39
225.5,228.63
225.2,228.19
224.9,227.84
224.2,227.18
224.2,227.45
223.8,226.73
224.1,226.83
224.5,227.46
222.7,225.47
223.8,226.85
223.9,226.75
222.5,225.44
220.5,223.7
221.7,224.61
222.6,225.81
221.5,224.6
220.7,223.64
220.9,223.8
221.3,224.59
221.4,224.15
220.5,223.35
219.9,223.04
219.5,222.81
219.2,222.2
220.8,223.9
219.3,222.24
220.1,223.19
219.8,223.22
219.5,222.63
218.3,221.36
218.9,221.79
218.1,221.27
217.8,220.42
217.8,221.15
217.1,219.84
218.4,221.43
217.2,220.0
217.3,220.32
217.4,220.2
216.5,219.62
216.9,220.07
216.4,219.1
216.9,219.94
215.1,218.1
216.3,219.04
217.0,220.23
215.0,217.86
214.8,217.93
215.6,218.67
215.3,218.25
214.9,218.22
215.0,218.17
215.4,218.12
215.5,218.32
214.6,217.65
214.1,217.01
214.5,217.54
215.6,218.32
213.6,216.65
212.9,215.87
214.5,217.29
213.1,216.23
211.9,214.55
213.4,216.68
212.8,215.5
212.6,215.7
212.8,215.89
212.3,215.65
212.8,215.91
211.7,214.92
212.4,215.51
211.8,214.8
212.6,215.43
212.3,215.22
211.0,213.93
212.1,215.33
210.8,214.0
212.3,214.89
211.3,214.45
212.8,215.44
210.7,213.78
210.6,213.58
210.9,213.72
210.7,213.4
211.1,214.13
209.1,212.21
209.5,212.53
209.5,212.43
211.0,213.84
211.3,214.32
210.0,212.86
210.0,212.72
209.9,212.81
210.6,213.54
212.4,215.68
212.9,216.47
214.0,216.94
213.5,216.5
213.1,216.18
213.8,216.71
210.8,213.85
213.5,216.31
212.3,215.23
211.1,214.28
213.2,215.96
213.5,216.54
212.4,215.33
213.0,216.08
213.4,216.51
213.2,216.22
213.4,216.4
212.8,215.66
212.0,215.1
210.4,213.79
211.7,214.74
211.4,214.24
213.4,216.45
211.6,214.63
212.0,214.8
211.9,215.07
211.3,214.64
212.8,215.83
211.0,214.05
211.4,214.62
210.8,213.87
210.5,213.4
210.9,213.89
211.3,214.28
211.3,213.95
210.6,213.71
210.2,213.14
211.0,214.1
209.8,213.0
211.6,214.67
211.0,214.14
210.0,212.95
211.3,213.79
210.3,213.43
211.1,214.21
211.9,214.96
209.6,212.52
211.1,214.0
211.0,213.78
210.9,214.38
210.5,214.02
210.2,213.29
210.8,213.6
209.9,213.23
211.0,214.63
210.9,213.83
212.3,215.23
210.5,213.76
210.1,213.27
209.5,212.66
209.5,212.45
209.5,212.61
211.1,214.0
210.6,214.19
209.5,212.63
211.3,214.49
210.4,213.47
210.8,213.95
212.2,215.06
211.2,214.54
210.7,213.68
210.3,213.23
209.7,212.3
210.3,213.39
210.9,213.79
209.9,213.23
210.4,213.9
211.2,214.08
210.9,213.88
210.8,213.59
211.0,214.23
211.6,214.46
210.7,213.35
212.3,215.26
211.2,214.16
211.3,214.28
211.5,214.84
211.8,214.52
212.0,215.1
211.7,214.64
210.7,214.01
211.6,214.79
211.0,213.71
211.6,214.69
211.9,214.64
211.5,214.55
211.3,214.67
210.6,213.41
211.3,214.46
212.1,215.0
212.1,215.11
211.0,214.28
213.1,216.06
212.0,214.52
213.1,215.96
212.6,215.62
212.1,214.88
213.8,216.77
211.7,214.61
213.0,216.27
213.4,216.4
212.4,215.22
213.7,216.85
213.0,215.69
213.2,216.17
213.1,216.23
213.2,216.02
213.8,216.81
214.0,216.88
212.0,215.06
210.6,213.64
208.6,211.51
210.7,213.62
210.4,213.78
209.0,212.21
210.0,212.82
209.4,212.4
210.1,213.16
209.9,213.19
210.9,214.11
211.2,214.61
211.8,214.78
210.3,213.42
210.6,213.8
209.8,212.8
210.6,213.57
212.4,215.01
212.3,215.61
210.8,213.59
211.4,214.19
211.6,214.74
212.1,215.09
211.3,214.39
212.5,215.44
212.2,214.89
212.5,215.37
213.0,215.92
212.6,215.64
212.1,215.44
212.8,215.82
213.2,215.97
212.6,215.9
212.9,216.12
214.7,217.66
213.8,217.02
213.4,216.52
214.3,217.41
213.5,216.79
214.9,218.07
214.8,217.62
214.1,217.41
214.7,217.98
213.5,216.62
214.3,217.11
214.2,217.22
215.3,218.39
216.8,219.74
216.9,220.28
216.4,219.25
216.4,219.32
214.7,217.76
216.1,218.88
215.6,218.87
216.4,219.17
216.7,219.68
216.6,219.63
215.7,218.69
217.9,220.91
217.0,219.73
217.7,220.9
219.3,222.47
217.6,220.41
216.3,219.39
218.5,221.27
219.8,222.51
220.3,223.35
218.3,221.16
219.4,222.65
219.3,222.13
219.6,222.61
222.0,224.88
218.8,221.97
220.2,223.5
221.0,223.88
221.1,224.55
221.0,224.03
221.6,224.4
221.1,224.1
222.2,224.82
221.8,224.58
222.4,225.53
222.0,225.02
222.8,225.81
222.4,225.74
223.6,226.84
223.1,226.19
221.7,225.14
224.7,227.65
223.2,226.27
223.4,226.7
224.1,226.99
225.9,228.72
223.4,226.34
227.5,230.55
226.4,229.24
226.0,228.87
226.0,228.93
226.3,229.44
226.9,229.88
227.5,230.24
227.3,230.44
227.8,230.36
227.3,230.42
227.7,230.73
227.8,230.97
229.3,232.25
228.8,232.13
226.7,229.76
229.5,232.74
229.7,232.69
230.0,232.82
230.0,232.83
230.8,234.26
231.8,234.43
230.5,233.44
231.5,234.63
230.9,233.9
230.9,233.9
231.6,234.77
233.2,236.2
82.6,85.71
82.3,85.38
233.9,237.05
82.1,85.39
81.5,84.52
234.9,237.8
235.5,238.41
82.7,85.57
236.4,239.37
82.4,85.53
236.6,239.42
82.5,85.8
236.6,239.82
236.3,239.53
82.1,84.88
237.5,240.34
237.8,240.74
238.7,241.5
81.2,84.41
81.8,84.77
80.6,83.58
240.4,243.23
240.4,243.44
240.1,243.21
241.8,244.69
242.5,245.28
240.6,243.76
241.8,244.78
81.2,84.42
241.9,245.43
244.2,247.15
82.0,84.85
244.2,247.13
80.1,83.5
82.4,85.48
80.6,84.07
246.3,249.01
82.0,85.21
248.1,250.82
246.4,249.24
245.2,248.38
81.9,85.14
249.9,252.86
249.7,252.88
82.2,85.16
249.4,252.46
250.5,253.88
249.5,252.99
251.6,254.53
251.9,255.01
252.8,255.88
84.2,87.07
253.5,256.31
253.1,256.11
81.9,84.98
253.2,256.11
81.2,84.48
255.1,258.09
255.6,258.49
256.6,259.49
255.9,259.25
258.1,261.21
257.7,260.87
258.4,261.37
258.7,261.64
259.8,262.51
260.4,263.53
259.7,262.79
260.7,263.47
81.8,84.77
261.3,264.01
81.4,84.39
81.4,84.64
264.0,267.3
81.9,85.2
82.3,85.15
266.2,268.94
266.1,268.76
82.5,85.29
82.2,84.92
267.7,270.77
267.5,270.71
267.1,269.9
269.3,272.21
83.1,86.07
271.3,274.2
271.9,274.83
83.2,85.93
272.6,275.38
273.2,276.08
81.7,84.54
81.9,84.76
272.3,275.42
272.2,275.04
269.9,273.21
269.4,272.16
268.5,271.69
268.4,271.34
265.8,269.01
264.7,267.58
265.1,268.11
263.5,266.83
263.7,266.6
263.0,266.11
262.3,265.12
83.1,86.09
261.3,264.21
82.0,85.23
82.3,85.47
257.8,260.91
259.0,261.83
257.6,260.27
257.0,260.12
81.4,84.2
253.6,257.05
254.9,258.14
253.9,257.12
252.2,255.48
81.0,84.35
252.7,255.65
250.2,253.25
83.3,86.23
81.5,84.32
249.7,252.65
248.4,251.28
248.3,251.34
246.6,249.85
246.7,249.5
245.9,249.03
244.4,247.63
245.3,248.32
81.4,84.62
243.3,246.37
242.3,245.19
240.5,243.42
81.7,84.86
242.9,245.97
241.4,244.17
82.1,84.99
82.2,84.8
82.3,85.02
238.9,241.7
236.6,239.84
83.0,85.84
82.5,85.54
236.5,239.6
235.9,238.85
235.2,237.99
82.6,85.5
234.2,237.35
233.3,236.11
232.3,235.42
232.5,235.41
232.9,235.98
230.3,233.37
81.1,83.9
230.2,233.41
230.2,232.82
229.1,232.42
228.9,231.98
228.2,231.13
229.0,231.93
226.1,229.13
226.2,229.23
226.4,229.3
80.7,83.77
225.6,228.3
83.4,86.25
224.7,227.52
82.0,85.17
81.0,84.05
222.6,225.68
222.2,225.41
222.1,225.01
222.7,225.76
82.5,85.42
81.0,84.17
82.5,85.18
220.3,223.44
82.9,85.86
83.3,86.19
217.9,221.04
217.9,220.77
80.8,84.06
217.7,220.38
82.4,85.35
217.4,220.49
81.9,84.94
215.9,218.71
215.5,218.66
214.4,217.53
83.5,86.57
80.6,83.79
214.5,217.13
215.0,218.13
82.2,85.01
212.8,215.72
81.5,84.73
212.0,214.98
212.9,215.78
209.7,212.73
212.4,215.17
81.1,83.93
210.3,213.11
209.5,212.63
82.2,85.44
207.9,211.06
209.3,212.25
83.6,86.52
80.5,83.98
208.0,211.03
81.5,84.5
82.3,85.32
207.2,209.9
206.2,209.08
82.6,85.37
83.3,86.35
205.6,208.44
82.9,85.54
81.3,84.03
203.7,206.92
204.6,207.68
205.1,208.13
82.4,85.27
203.3,206.17
202.9,206.1
81.1,84.06
82.0,85.45
203.2,205.87
81.6,84.66
201.3,204.27
82.1,85.2
201.0,203.72
200.1,203.72
83.6,86.57
200.0,203.02
199.6,202.66
81.9,84.51
82.4,85.56
82.0,84.86
198.4,201.35
199.8,202.56
199.2,202.37
197.4,200.59
196.6,199.38
198.4,201.28
196.4,199.75
197.5,200.6
195.4,198.28
197.3,200.18
195.2,198.35
196.0,199.56
195.9,198.78
194.6,197.81
194.6,197.98
195.0,198.56
195.0,197.89
195.0,198.01
195.8,198.82
193.2,195.93
195.2,198.09
194.1,196.73
192.5,195.75
192.2,195.2
192.5,195.84
193.4,196.45
192.4,195.44
193.6,196.46
191.0,194.02
192.0,194.89
190.9,193.75
192.2,194.75
191.9,194.93
190.6,193.75
189.0,191.91
190.6,193.81
191.1,193.78
190.5,193.56
190.9,193.99
189.0,192.06
190.3,193.18
190.3,193.38
187.8,190.96
189.7,192.34
188.4,191.54
188.7,191.67
188.9,191.81
187.7,191.0
187.8,190.68
187.8,191.03
187.2,190.01
186.6,189.84
188.1,190.99
186.7,189.45
187.8,190.64
187.4,190.32
185.5,188.51
186.0,189.13
187.7,190.37
185.4,188.58
185.6,188.8
186.5,189.34
186.3,189.42
185.3,188.49
184.8,188.08
186.3,189.44
186.5,189.52
185.9,188.8
185.2,187.98
184.3,187.17
184.0,187.01
184.8,187.88
184.8,187.66
185.5,188.25
184.6,187.55
182.7,185.8
184.4,187.58
182.6,185.9
183.4,186.23
183.7,186.58
184.9,187.75
185.4,188.46
183.7,186.46
182.6,185.74
183.3,186.15
183.3,186.29
182.1,185.26
183.8,186.73
182.5,185.44
182.6,185.52
182.5,185.53
182.2,185.23
182.9,185.43
181.5,184.23
181.3,184.16
180.7,183.65
181.9,184.69
181.9,184.84
181.5,184.5
182.2,185.31
180.9,183.94
180.7,184.35
180.0,182.93
180.3,183.36
181.4,184.08
181.1,184.09
179.9,183.14
180.2,183.22
178.8,182.04
179.9,182.82
180.7,183.67
180.5,183.35
180.0,183.2
179.8,182.78
179.4,182.67
179.2,182.08
180.1,183.02
179.8,182.73
179.7,182.71
179.0,181.87
177.9,180.57
179.9,182.94
178.7,181.68
178.1,181.32
179.2,182.42
178.6,181.54
179.8,182.56
179.1,182.16
179.1,182.15
177.5,180.55
179.3,182.42
178.7,181.64
177.8,181.11
178.7,181.44
176.8,179.94
178.7,181.52
177.1,180.39
177.2,180.09
177.0,179.91
178.9,181.84
177.3,180.48
179.1,182.06
177.2,180.46
176.5,179.53
177.1,179.93
178.8,181.65
177.6,180.57
177.0,180.23
177.9,180.72
177.9,180.94
177.9,181.37
178.7,181.58
177.2,180.19
176.7,179.43
176.9,180.08
176.9,180.56
176.7,179.61
176.6,179.59
177.2,180.54
177.0,180.22
177.8,180.25
176.6,179.64
177.2,180.01
176.3,179.47
177.4,180.81
177.9,180.9
175.7,178.72
176.3,179.4
175.9,178.96
176.6,179.58
177.0,179.99
175.7,178.95
176.4,179.34
175.9,179.27
176.8,180.17
177.2,180.06
176.6,179.47
177.1,180.14
176.3,179.59
176.7,179.8
178.2,181.26
177.7,181.01
175.9,179.03
177.8,180.63
177.9,180.62
176.1,179.16
177.8,180.64
177.8,181.19
176.3,179.21
176.2,179.37
177.9,180.83
177.2,180.29
177.8,180.51
177.2,180.37
177.6,180.43
176.1,179.16
177.9,180.96
178.0,181.07
176.9,180.05
177.2,180.21
176.1,179.12
177.7,180.68
177.8,180.75
177.5,180.3
178.4,181.22
176.9,180.16
178.0,180.87
176.5,179.71
177.6,180.49
177.5,180.42
177.4,180.75
177.4,180.35
177.5,180.57
178.2,181.33
177.7,180.42
176.5,179.59
179.0,182.15
178.9,181.92
177.1,179.96
178.5,181.5
177.9,180.65
178.4,181.28
177.9,181.35
177.9,181.01
177.5,180.66
177.9,180.78
177.1,180.67
178.3,180.79
178.5,181.43
178.0,181.0
179.3,182.11
180.3,182.78
178.5,181.3
179.2,181.98
179.3,182.24
179.3,182.29
179.0,182.06
179.5,182.64
179.4,182.51
178.0,181.3
179.9,182.95
179.7,183.05
178.9,181.89
179.6,182.57
180.2,183.13
179.4,182.55
181.2,183.59
181.9,184.64
179.1,182.37
179.1,182.01
180.2,183.36
180.6,183.77
179.9,183.14
181.6,184.5
179.4,182.5
181.3,184.12
180.4,183.24
182.4,185.09
182.2,185.39
180.5,183.42
180.8,183.69
181.8,184.85
180.9,184.02
181.7,184.38
181.6,184.55
180.3,183.2
181.6,184.74
181.1,184.34
181.5,184.6
183.1,186.17
181.1,184.26
182.9,185.93
181.9,185.24
182.1,185.36
183.4,186.28
183.2,186.07
183.3,186.37
183.6,186.79
182.7,185.94
182.8,185.86
182.8,185.64
183.2,185.97
185.8,188.93
184.6,187.79
183.0,185.98
183.0,186.14
184.5,187.63
185.1,187.82
185.1,187.97
184.5,187.51
184.5,187.75
185.3,188.24
185.4,188.21
183.6,186.63
185.5,188.27
185.2,187.96
186.2,188.89
188.2,191.15
186.5,189.35
186.3,189.0
187.2,190.08
186.8,189.92
186.9,190.04
187.4,190.34
188.3,191.6
186.3,189.38
188.0,190.75
186.4,189.87
188.5,191.16
187.5,190.23
187.7,190.78
188.2,191.05
189.2,192.19
189.6,192.33
188.1,190.89
188.8,192.05
188.8,191.66
188.4,191.44
189.4,192.41
189.4,192.54
192.1,194.78
190.7,193.48
189.2,192.32
189.9,193.13
191.4,194.52
192.6,195.53
190.0,192.98
190.2,192.96
193.1,195.98
192.3,195.08
191.4,194.35
192.3,195.62
190.4,193.46
192.9,195.65
193.1,196.11
193.9,196.78
192.5,195.55
193.4,196.6
193.0,196.07
194.2,197.18
193.4,196.55
194.1,197.15
193.8,196.94
195.6,198.41
195.7,198.81
195.5,198.23
196.0,198.67
194.8,197.8
195.7,198.91
195.9,199.34
198.3,201.6
195.8,199.05
198.5,201.24
198.2,201.14
197.9,200.86
198.8,202.23
198.2,201.45
198.9,201.73
198.7,201.66
199.9,202.89
200.2,203.06
199.4,202.04
198.8,201.8
199.9,202.91
199.8,202.74
201.1,203.58
201.4,204.84
201.0,203.85
201.4,204.45
201.9,204.81
202.6,205.7
200.7,203.67
202.3,205.2
203.7,206.11
204.3,207.15
203.0,206.19
202.4,205.46
204.5,207.64
203.6,207.0
203.8,206.9
204.8,207.64
205.0,208.29
205.5,208.29
204.5,207.41
206.9,210.07
207.6,210.68
207.9,210.54
206.7,209.53
207.6,210.57
208.0,211.05
208.9,211.84
209.1,212.24
208.1,211.53
209.9,212.49
210.2,213.12
211.3,214.22
211.0,214.01
211.3,214.44
211.2,214.27
212.3,215.63
212.7,215.24
211.4,214.66
213.5,216.73
213.5,216.57
213.4,216.09
213.4,216.45
214.2,217.41
215.2,217.92
215.3,218.11
215.7,218.59
217.2,220.02
217.4,219.95
217.1,219.69
217.5,220.65
216.9,219.58
218.1,221.06
219.6,222.53
218.1,221.43
218.3,221.37
218.8,221.94
219.2,222.04
219.9,222.69
220.0,223.43
220.1,223.09
221.8,224.59
222.7,225.7
221.9,224.79
224.1,227.05
223.8,226.75
224.5,227.59
223.5,226.78
225.2,228.38
224.5,227.38
226.3,229.34
226.2,229.27
226.9,230.03
226.1,229.21
227.1,229.9
228.4,231.51
227.6,230.84
229.5,232.39
228.5,231.51
230.7,233.67
229.9,232.62
231.5,234.46
232.1,235.03
231.3,234.55
233.0,236.03
233.4,236.31
232.9,236.24
233.5,236.42
233.3,236.24
235.5,238.51
234.8,237.62
236.5,239.41
237.0,239.69
237.8,240.95
237.8,240.78
238.3,241.32
239.5,242.69
240.2,242.96
241.0,243.52
241.2,244.22
240.4,243.3
242.6,245.61
243.0,246.1
242.1,245.48
243.5,246.66
244.1,247.42
245.3,247.97
245.9,248.94
247.3,250.38
247.9,250.75
246.4,249.59
248.5,251.68
249.9,252.85
250.0,252.79
251.1,253.97
252.4,255.32
252.3,255.24
252.4,255.33
253.6,256.6
253.4,256.61
254.2,257.2
254.4,257.61
256.8,259.74
255.6,258.65
258.6,261.12
258.1,261.06
257.1,260.36
259.4,262.41
258.4,261.28
261.4,264.06
261.9,265.0
261.3,264.64
263.1,265.93
264.8,268.06
263.9,266.98
264.3,267.34
267.0,270.03
268.3,271.17
267.4,270.49
269.0,272.05
270.1,273.1
269.4,272.35
270.4,273.36
272.6,275.47
273.8,276.64
273.7,276.64
272.7,275.58
273.8,277.11
271.6,274.61
271.2,274.15
271.2,274.06
271.2,274.37
270.1,273.25
269.2,272.33
268.9,271.78
268.1,270.89
267.6,270.7
265.0,267.81
265.9,268.92
265.7,268.76
264.1,267.16
264.9,267.76
263.8,266.76
265.1,267.69
263.8,267.01
262.0,264.94
261.5,264.64
261.0,264.17
260.4,263.36
260.3,263.32
259.7,262.09
258.3,261.29
258.9,262.1
258.6,261.6
256.6,260.02
257.8,260.79
256.2,259.15
256.5,259.32
256.5,259.26
255.0,258.13
255.0,258.02
253.7,256.81
253.3,256.58
253.2,256.1
252.0,255.22
252.1,255.19
250.5,253.7
251.1,254.03
251.1,253.73
250.0,253.31
249.5,252.87
249.5,252.56
249.5,252.53
249.4,252.38
247.7,250.81
246.9,249.96
246.7,249.65
246.9,249.65
245.9,249.33
245.5,248.59
244.8,247.78
244.8,248.0
245.4,248.07
244.8,247.97
243.7,246.71
243.5,246.42
242.5,245.63
242.5,245.91
241.8,244.91
242.8,245.58
240.4,243.43
240.9,244.12
241.4,244.23
240.7,243.77
242.2,245.28
240.2,243.15
238.9,241.76
239.6,242.08
237.6,240.46
238.6,241.37
237.3,240.45
238.2,241.4
237.0,239.95
237.0,239.93
236.0,239.19
237.6,240.63
235.8,238.74
237.1,240.02
236.0,238.92
235.4,238.34
234.8,237.92
234.5,237.61
232.3,235.54
233.8,236.46
234.0,236.98
232.9,235.99
231.5,234.66
232.9,235.36
233.2,236.37
232.6,235.71
231.5,234.43
232.0,234.88
230.8,233.59
229.7,232.29
229.7,232.58
230.9,234.15
229.4,232.48
229.3,232.21
229.3,231.88
230.0,233.25
230.0,232.76
230.0,232.92
228.0,230.86
227.9,230.93
226.1,229.29
228.4,231.27
226.1,229.02
227.0,229.79
225.5,228.54
225.5,228.66
224.9,228.21
225.3,228.12
225.0,227.92
224.5,227.66
225.3,228.44
223.6,226.74
224.2,227.48
224.8,227.99
223.2,226.44
223.0,226.05
223.0,226.17
223.7,226.99
223.4,226.02
222.5,225.24
222.6,225.77
221.4,224.35
222.5,225.46
222.3,225.03
221.1,224.27
220.9,223.65
220.3,223.4
221.0,224.25
221.7,224.55
220.2,222.94
221.1,223.55
218.2,221.43
219.5,222.35
219.5,222.56
218.9,221.7
218.2,221.48
218.2,221.48
218.8,222.0
218.5,221.44
216.6,219.71
216.7,219.61
217.8,220.55
218.3,221.16
215.9,218.57
217.2,220.07
216.6,219.87
218.4,221.12
216.5,219.61
217.2,220.01
217.0,219.65
214.9,217.77
216.5,219.77
216.0,219.19
216.5,219.24
218.6,221.64
214.0,216.96
216.8,219.65
215.1,217.98
215.3,218.25
214.8,217.85
214.3,217.4
214.3,217.14
214.8,217.66
213.1,216.12
214.9,217.68
213.6,216.65
212.8,215.97
213.2,216.33
214.3,217.47
212.9,215.99
213.8,216.52
212.4,215.56
213.6,216.54
213.2,216.35
214.0,217.09
212.1,215.44
212.9,215.94
212.3,215.39
213.3,216.16
211.6,214.52
212.3,215.5
211.9,214.67
211.7,214.65
211.7,214.65
211.6,214.65
211.2,214.26
211.4,214.39
212.4,215.3
211.4,214.75
211.4,214.55
210.4,213.45
210.1,213.02
211.5,214.3
211.0,214.13
211.4,214.48
209.7,212.82
209.8,213.0
208.8,211.85
209.8,212.69
210.4,213.64
209.5,212.45
209.8,213.19
209.4,212.48
209.7,212.78
208.9,211.59
209.4,212.43
206.6,210.04
208.7,212.06
207.9,210.9
210.1,212.94
209.6,212.55
209.3,212.24
210.2,212.95
207.9,211.03
210.2,212.98
209.0,212.3
208.2,211.36
209.0,212.32
207.5,210.57
207.7,210.72
207.8,210.82
207.8,210.82
207.2,210.37
209.0,212.02
207.6,210.85
208.5,211.25
207.4,210.51
206.4,209.52
208.4,211.04
206.1,209.35
207.5,210.69
206.4,209.67
209.1,212.14
208.4,211.29
207.8,210.65
209.0,211.47
206.4,209.85
208.0,210.86
207.5,210.57
207.5,210.58
208.2,211.3
207.7,210.87
207.8,210.5
206.2,209.02
206.5,209.51
207.4,210.12
207.0,210.25
206.0,209.31
208.5,211.95
208.1,211.26
207.6,210.56
207.2,210.14
206.9,209.91
206.1,209.34
207.3,210.1
207.3,210.23
206.2,209.09
206.9,210.27
207.0,209.9
205.3,208.58
206.3,209.36
206.8,209.69
208.4,211.42
