timestamp,distance_cm,calibrated_distance_cm,flux,temperature_c
0.0,149.79,152.79,1780,28.0
0.01,151.47,154.47,1543,28.0
0.02,150.87,153.87,2073,28.0
0.03,150.75,153.75,1774,28.0
0.04,150.39,153.39,1755,28.0
0.05,149.17,152.17,1922,28.0
0.06,149.48,152.48,1962,28.0
0.07,150.02,153.02,1947,28.0
0.08,149.54,152.54,1913,28.0
0.09,150.38,153.38,1892,28.0
0.1,150.56,153.56,1723,28.0
0.11,148.83,151.83,1941,28.0
0.12,149.64,152.64,1686,28.0
0.13,150.06,153.06,1931,28.0
0.14,150.52,153.52,1844,28.0
0.15,149.01,152.01,1755,28.0
0.16,150.56,153.56,1886,28.0
0.17,150.35,153.35,1809,28.0
0.18,150.28,153.28,1814,28.0
0.19,150.23,153.23,1718,28.0
0.2,149.19,152.19,2056,28.0
0.21,149.91,152.91,1834,28.0
0.22,149.83,152.83,1944,28.0
0.23,149.65,152.65,1522,28.0
0.24,149.69,152.69,1865,28.0
0.25,152.55,155.55,1589,28.0
0.26,151.0,154.0,1818,28.0
0.27,150.58,153.58,1763,28.0
0.28,151.38,154.38,1938,28.0
0.29,149.37,152.37,1801,28.0
0.3,148.56,151.56,1760,28.0
0.31,150.1,153.1,1686,28.0
0.32,149.38,152.38,1936,28.0
0.33,150.0,153.0,1546,28.0
0.34,150.1,153.1,1844,28.0
0.35,150.18,153.18,1802,28.0
0.36,150.93,153.93,1996,28.0
0.37,150.71,153.71,1731,28.0
0.38,149.88,152.88,1720,28.0
0.39,151.17,154.17,1762,28.0
0.4,150.85,153.85,1660,28.0
0.41,152.08,155.08,2153,28.0
0.42,150.25,153.25,1922,28.0
0.43,150.2,153.2,1811,28.0
0.44,151.42,154.42,1809,28.0
0.45,151.1,154.1,1694,28.0
0.46,152.21,155.21,1822,28.0
0.47,151.6,154.6,1926,28.0
0.48,150.57,153.57,1562,28.0
0.49,151.53,154.53,2301,28.0
0.5,151.54,154.54,2092,28.0
0.51,151.74,154.74,1772,28.0
0.52,151.64,154.64,1887,28.0
0.53,150.22,153.22,1869,28.0
0.54,150.74,153.74,1724,28.0
0.55,150.7,153.7,1936,28.0
0.56,151.87,154.87,1749,28.0
0.57,151.95,154.95,1945,28.0
0.58,151.8,154.8,1770,28.0
0.59,151.67,154.67,1897,28.0
0.6,152.53,155.53,1609,28.0
0.61,153.33,156.33,1743,28.0
0.62,152.65,155.65,1678,28.0
0.63,151.21,154.21,1944,28.0
0.64,151.29,154.29,1729,28.0
0.65,152.35,155.35,1818,28.0
0.66,153.62,156.62,1830,28.0
0.67,151.8,154.8,1833,28.0
0.68,152.76,155.76,1672,28.0
0.69,152.03,155.03,1811,28.0
0.7,152.74,155.74,1670,28.0
0.71,152.44,155.44,1924,28.0
0.72,151.47,154.47,1904,28.0
0.73,153.19,156.19,1717,28.0
0.74,152.43,155.43,1743,28.0
0.75,153.49,156.49,1940,28.0
0.76,152.97,155.97,1606,28.0
0.77,152.13,155.13,1627,28.0
0.78,155.21,158.21,1738,28.0
0.79,154.62,157.62,1589,28.0
0.8,153.61,156.61,1653,28.1
0.81,153.29,156.29,1847,28.1
0.82,153.79,156.79,1725,28.1
0.83,155.03,158.03,2030,28.1
0.84,155.73,158.73,1942,28.1
0.85,152.85,155.85,1795,28.1
0.86,154.28,157.28,1648,28.1
0.87,154.49,157.49,1945,28.1
0.88,152.94,155.94,1907,28.1
0.89,155.0,158.0,1929,28.1
0.9,154.76,157.76,1782,28.1
0.91,153.96,156.96,1931,28.1
0.92,154.36,157.36,1713,28.1
0.93,156.0,159.0,2022,28.1
0.94,155.6,158.6,1840,28.1
0.95,154.79,157.79,1672,28.1
0.96,155.24,158.24,1740,28.1
0.97,153.33,156.33,1629,28.1
0.98,155.42,158.42,1718,28.1
0.99,154.77,157.77,1561,28.1
1.0,156.27,159.27,1782,28.1
1.01,156.47,159.47,1688,28.1
1.02,156.2,159.2,1940,28.1
1.03,155.41,158.41,1912,28.1
1.04,156.46,159.46,1717,28.1
1.05,156.09,159.09,1627,28.1
1.06,157.69,160.69,1782,28.1
1.07,155.65,158.65,1926,28.1
1.08,154.61,157.61,1934,28.1
1.09,155.77,158.77,1715,28.1
1.1,155.93,158.93,2038,28.1
1.11,156.8,159.8,1718,28.1
1.12,156.02,159.02,1993,28.1
1.13,156.75,159.75,1518,28.1
1.14,156.08,159.08,1769,28.1
1.15,155.82,158.82,2013,28.1
1.16,156.37,159.37,2073,28.1
1.17,157.71,160.71,1797,28.1
1.18,159.24,162.24,1825,28.1
1.19,157.1,160.1,1901,28.1
1.201,157.52,160.52,1933,28.1
1.211,158.4,161.4,1635,28.1
1.221,157.85,160.85,1694,28.1
1.231,159.32,162.32,1940,28.1
1.241,158.9,161.9,1962,28.1
1.251,158.48,161.48,1994,28.1
1.261,158.88,161.88,1666,28.1
1.271,157.08,160.08,1717,28.1
1.281,158.46,161.46,1764,28.1
1.291,158.47,161.47,1728,28.1
1.301,159.52,162.52,1910,28.1
1.311,158.5,161.5,1819,28.1
1.321,159.25,162.25,1518,28.1
1.331,159.47,162.47,1915,28.1
1.341,159.21,162.21,1730,28.1
1.351,160.98,163.98,1811,28.1
1.361,160.18,163.18,1719,28.1
1.371,160.86,163.86,1802,28.1
1.381,160.11,163.11,1692,28.1
1.391,159.69,162.69,1814,28.1
1.401,159.59,162.59,1633,28.1
1.411,161.95,164.95,1735,28.1
1.421,160.44,163.44,1927,28.1
1.431,163.53,166.53,1908,28.1
1.441,160.85,163.85,1869,28.1
1.451,163.13,166.13,1922,28.1
1.461,162.2,165.2,1872,28.1
1.471,162.88,165.88,1734,28.1
1.481,161.78,164.78,1483,28.1
1.491,162.69,165.69,1879,28.1
1.501,161.81,164.81,1757,28.1
1.511,160.81,163.81,1796,28.1
1.521,162.31,165.31,1883,28.1
1.531,161.91,164.91,1901,28.1
1.541,163.27,166.27,1898,28.1
1.551,163.25,166.25,1827,28.1
1.561,164.02,167.02,1642,28.1
1.571,163.45,166.45,1976,28.1
1.581,162.52,165.52,1845,28.1
1.591,164.96,167.96,1689,28.1
1.601,164.17,167.17,1726,28.1
1.611,165.98,168.98,1934,28.1
1.621,164.82,167.82,1939,28.1
1.631,165.41,168.41,1852,28.1
1.641,164.21,167.21,1631,28.1
1.651,165.38,168.38,1850,28.1
1.661,166.37,169.37,2024,28.1
1.671,165.44,168.44,1657,28.1
1.681,164.41,167.41,1706,28.1
1.691,166.65,169.65,1667,28.1
1.701,168.15,171.15,1959,28.1
1.711,165.71,168.71,1668,28.1
1.721,165.92,168.92,1755,28.1
1.731,166.42,169.42,2055,28.1
1.741,167.65,170.65,1891,28.1
1.751,167.92,170.92,1770,28.1
1.761,166.63,169.63,1830,28.1
1.771,168.71,171.71,1737,28.1
1.781,166.8,169.8,1777,28.1
1.791,168.34,171.34,1771,28.1
1.801,168.82,171.82,1740,28.1
1.811,168.52,171.52,1921,28.1
1.821,169.15,172.15,1746,28.1
1.831,169.83,172.83,1855,28.1
1.841,169.44,172.44,1831,28.1
1.851,169.58,172.58,1841,28.1
1.861,170.21,173.21,1829,28.1
1.871,170.05,173.05,2012,28.1
1.881,171.0,174.0,1789,28.1
1.891,170.18,173.18,1788,28.1
1.901,169.69,172.69,1974,28.1
1.911,170.91,173.91,1912,28.1
1.921,170.45,173.45,1746,28.1
1.931,171.58,174.58,1597,28.1
1.941,172.22,175.22,1782,28.1
1.951,171.13,174.13,1691,28.1
1.961,173.11,176.11,1572,28.1
1.971,171.46,174.46,1787,28.1
1.981,172.75,175.75,1748,28.1
1.991,172.65,175.65,1723,28.1
2.001,172.56,175.56,1827,28.1
2.011,174.11,177.11,1680,28.1
2.021,173.13,176.13,1755,28.1
2.031,175.05,178.05,1727,28.1
2.041,175.03,178.03,1743,28.1
2.051,174.16,177.16,1760,28.1
2.061,175.16,178.16,1944,28.1
2.071,174.25,177.25,1988,28.1
2.081,176.98,179.98,1790,28.1
2.091,177.04,180.04,1875,28.1
2.101,176.35,179.35,1453,28.1
2.111,176.93,179.93,2100,28.1
2.121,176.82,179.82,1925,28.1
2.131,177.15,180.15,2093,28.1
2.141,177.33,180.33,1625,28.1
2.151,177.19,180.19,1661,28.1
2.161,178.32,181.32,1756,28.1
2.171,178.12,181.12,1659,28.1
2.181,176.99,179.99,1789,28.1
2.191,178.64,181.64,1804,28.1
2.201,179.2,182.2,1743,28.1
2.211,179.38,182.38,1864,28.1
2.221,179.65,182.65,1916,28.1
2.231,180.73,183.73,1730,28.1
2.241,180.55,183.55,1893,28.1
2.251,180.4,183.4,1729,28.1
2.261,181.24,184.24,1792,28.1
2.271,181.17,184.17,1666,28.1
2.281,180.83,183.83,1892,28.1
2.291,181.26,184.26,1761,28.1
2.301,181.54,184.54,1937,28.1
2.311,183.16,186.16,1869,28.1
2.321,184.14,187.14,1855,28.1
2.331,181.31,184.31,1753,28.1
2.341,184.04,187.04,1835,28.1
2.351,183.24,186.24,1792,28.1
2.361,184.44,187.44,1558,28.1
2.371,184.36,187.36,1616,28.1
2.381,184.85,187.85,1830,28.1
2.391,185.52,188.52,2066,28.1
2.401,186.15,189.15,1910,28.2
2.411,185.18,188.18,1949,28.2
2.421,185.55,188.55,1699,28.2
2.431,186.5,189.5,1900,28.2
2.441,186.56,189.56,1894,28.2
2.451,186.9,189.9,1525,28.2
2.461,185.76,188.76,1748,28.2
2.471,186.89,189.89,2019,28.2
2.481,188.28,191.28,1669,28.2
2.491,188.49,191.49,1818,28.2
2.501,188.41,191.41,1785,28.2
2.511,189.11,192.11,1779,28.2
2.521,190.51,193.51,1879,28.2
2.531,189.29,192.29,1716,28.2
2.541,190.37,193.37,1724,28.2
2.551,190.26,193.26,1724,28.2
2.561,190.78,193.78,1596,28.2
2.571,192.35,195.35,1756,28.2
2.581,192.8,195.8,1663,28.2
2.591,193.22,196.22,1743,28.2
2.601,192.94,195.94,1762,28.2
2.611,192.73,195.73,1526,28.2
2.621,194.16,197.16,1750,28.2
2.631,193.2,196.2,1719,28.2
2.641,193.93,196.93,1768,28.2
2.651,195.32,198.32,2007,28.2
2.661,195.71,198.71,1635,28.2
2.671,197.36,200.36,1689,28.2
2.681,196.43,199.43,1984,28.2
2.691,195.58,198.58,1981,28.2
2.701,195.84,198.84,1338,28.2
2.711,197.27,200.27,1611,28.2
2.721,199.3,202.3,1545,28.2
2.731,199.3,202.3,1763,28.2
2.741,198.01,201.01,1522,28.2
2.751,196.78,199.78,1799,28.2
2.761,196.36,199.36,1718,28.2
2.771,195.52,198.52,1571,28.2
2.781,196.33,199.33,1914,28.2
2.791,194.57,197.57,1660,28.2
2.801,192.62,195.62,1863,28.2
2.811,194.02,197.02,1842,28.2
2.821,191.82,194.82,1864,28.2
2.831,193.46,196.46,1585,28.2
2.841,192.96,195.96,1587,28.2
2.851,189.99,192.99,1580,28.2
2.861,191.65,194.65,1872,28.2
2.871,190.93,193.93,1866,28.2
2.881,188.9,191.9,1648,28.2
2.891,191.06,194.06,1819,28.2
2.901,188.86,191.86,1883,28.2
2.911,188.32,191.32,1612,28.2
2.921,186.31,189.31,1898,28.2
2.931,186.55,189.55,1609,28.2
2.941,186.96,189.96,1785,28.2
2.951,186.41,189.41,1792,28.2
2.961,183.73,186.73,1935,28.2
2.971,186.26,189.26,1645,28.2
2.981,183.94,186.94,1899,28.2
2.991,183.74,186.74,1761,28.2
3.001,184.9,187.9,1770,28.2
3.011,184.1,187.1,1763,28.2
3.021,182.14,185.14,1988,28.2
3.031,182.97,185.97,1819,28.2
3.041,183.61,186.61,1603,28.2
3.051,181.08,184.08,1610,28.2
3.061,180.75,183.75,1977,28.2
3.071,181.0,184.0,1718,28.2
3.081,180.87,183.87,1734,28.2
3.091,179.42,182.42,1696,28.2
3.101,179.08,182.08,1676,28.2
3.111,179.01,182.01,1860,28.2
3.121,178.43,181.43,1822,28.2
3.131,178.3,181.3,1590,28.2
3.141,177.86,180.86,1871,28.2
3.151,177.2,180.2,1729,28.2
3.161,178.2,181.2,1873,28.2
3.171,175.99,178.99,1577,28.2
3.181,175.08,178.08,2194,28.2
3.191,175.39,178.39,2039,28.2
3.201,174.59,177.59,1687,28.2
3.211,175.41,178.41,1617,28.2
3.221,174.2,177.2,1956,28.2
3.231,173.89,176.89,1612,28.2
3.241,172.84,175.84,1819,28.2
3.251,173.11,176.11,1699,28.2
3.261,171.76,174.76,1730,28.2
3.271,172.76,175.76,1817,28.2
3.281,172.31,175.31,1830,28.2
3.291,170.61,173.61,1857,28.2
3.301,170.98,173.98,1943,28.2
3.311,169.9,172.9,1953,28.2
3.321,170.5,173.5,1512,28.2
3.331,168.21,171.21,1714,28.2
3.341,169.06,172.06,1824,28.2
3.351,169.74,172.74,1708,28.2
3.361,168.39,171.39,1870,28.2
3.371,169.07,172.07,1785,28.2
3.381,169.48,172.48,1807,28.2
3.391,167.03,170.03,1916,28.2
3.401,167.37,170.37,1806,28.2
3.411,168.51,171.51,2031,28.2
3.421,166.91,169.91,1883,28.2
3.431,166.64,169.64,2000,28.2
3.441,165.33,168.33,1628,28.2
3.451,165.95,168.95,1879,28.2
3.461,165.8,168.8,1747,28.2
3.471,164.45,167.45,1726,28.2
3.481,164.26,167.26,1747,28.2
3.491,164.45,167.45,1776,28.2
3.501,165.32,168.32,1704,28.2
3.511,162.11,165.11,1661,28.2
3.521,162.26,165.26,1934,28.2
3.531,160.29,163.29,1756,28.2
3.541,161.88,164.88,1940,28.2
3.551,161.38,164.38,1806,28.2
3.561,162.61,165.61,1778,28.2
3.571,162.18,165.18,1698,28.2
3.581,161.0,164.0,1753,28.2
3.591,160.18,163.18,2039,28.2
3.602,160.5,163.5,1725,28.2
3.612,159.7,162.7,1971,28.2
3.622,160.36,163.36,1819,28.2
3.632,160.61,163.61,1584,28.2
3.642,158.63,161.63,1753,28.2
3.652,158.78,161.78,1963,28.2
3.662,159.17,162.17,1911,28.2
3.672,158.1,161.1,1618,28.2
3.682,158.41,161.41,1638,28.2
3.692,158.01,161.01,1818,28.2
3.702,156.75,159.75,1917,28.2
3.712,157.15,160.15,1899,28.2
3.722,157.46,160.46,1914,28.2
3.732,158.56,161.56,1993,28.2
3.742,156.21,159.21,1635,28.2
3.752,155.3,158.3,2153,28.2
3.762,155.8,158.8,1899,28.2
3.772,157.61,160.61,1805,28.2
3.782,155.69,158.69,1856,28.2
3.792,155.7,158.7,1665,28.2
3.802,155.76,158.76,2000,28.2
3.812,154.56,157.56,1830,28.2
3.822,155.91,158.91,1728,28.2
3.832,155.91,158.91,1674,28.2
3.842,154.92,157.92,2125,28.2
3.852,153.56,156.56,1874,28.2
3.862,153.92,156.92,1995,28.2
3.872,153.06,156.06,1791,28.2
3.882,152.33,155.33,1713,28.2
3.892,151.66,154.66,1978,28.2
3.902,151.94,154.94,1573,28.2
3.912,152.11,155.11,1748,28.2
3.922,152.01,155.01,1811,28.2
3.932,152.13,155.13,1497,28.2
3.942,152.0,155.0,1752,28.2
3.952,152.29,155.29,1910,28.2
3.962,150.86,153.86,1745,28.2
3.972,151.75,154.75,1633,28.2
3.982,151.55,154.55,1734,28.2
3.992,150.04,153.04,1904,28.2
4.002,149.85,152.85,1994,28.3
4.012,149.38,152.38,1773,28.3
4.022,149.45,152.45,2055,28.3
4.032,150.04,153.04,2085,28.3
4.042,148.6,151.6,1780,28.3
4.052,148.96,151.96,1944,28.3
4.062,148.28,151.28,1869,28.3
4.072,149.37,152.37,1850,28.3
4.082,147.32,150.32,1666,28.3
4.092,146.45,149.45,1955,28.3
4.102,146.72,149.72,1593,28.3
4.112,147.75,150.75,1709,28.3
4.122,147.77,150.77,1472,28.3
4.132,147.68,150.68,1896,28.3
4.142,146.12,149.12,2058,28.3
4.152,146.3,149.3,1679,28.3
4.162,146.92,149.92,1967,28.3
4.172,147.41,150.41,1729,28.3
4.182,146.69,149.69,1684,28.3
4.192,146.27,149.27,1991,28.3
4.202,145.75,148.75,1683,28.3
4.212,145.64,148.64,1823,28.3
4.222,146.19,149.19,1824,28.3
4.232,145.09,148.09,1691,28.3
4.242,143.25,146.25,1464,28.3
4.252,144.62,147.62,1922,28.3
4.262,144.37,147.37,1955,28.3
4.272,144.77,147.77,2079,28.3
4.282,144.43,147.43,1862,28.3
4.292,144.7,147.7,1908,28.3
4.302,144.71,147.71,1636,28.3
4.312,144.29,147.29,1572,28.3
4.322,143.38,146.38,2024,28.3
4.332,143.13,146.13,1889,28.3
4.342,143.42,146.42,1817,28.3
4.352,143.25,146.25,1613,28.3
4.362,143.14,146.14,1799,28.3
4.372,142.89,145.89,1861,28.3
4.382,143.65,146.65,1887,28.3
4.392,142.64,145.64,1785,28.3
4.402,141.07,144.07,1470,28.3
4.412,143.32,146.32,1693,28.3
4.422,141.66,144.66,1857,28.3
4.432,141.51,144.51,2028,28.3
4.442,141.3,144.3,2012,28.3
4.452,141.12,144.12,1446,28.3
4.462,141.19,144.19,1585,28.3
4.472,141.0,144.0,1642,28.3
4.482,140.89,143.89,1753,28.3
4.492,140.88,143.88,1808,28.3
4.502,139.32,142.32,2134,28.3
4.512,140.44,143.44,1871,28.3
4.522,140.68,143.68,1793,28.3
4.532,141.73,144.73,1892,28.3
4.542,140.49,143.49,1839,28.3
4.552,139.33,142.33,1646,28.3
4.562,139.93,142.93,2172,28.3
4.572,139.47,142.47,1589,28.3
4.582,138.98,141.98,1839,28.3
4.592,138.63,141.63,1854,28.3
4.602,139.41,142.41,1868,28.3
4.612,139.42,142.42,1596,28.3
4.622,139.34,142.34,1794,28.3
4.632,137.96,140.96,1741,28.3
4.642,137.42,140.42,1758,28.3
4.652,139.52,142.52,1926,28.3
4.662,137.93,140.93,1985,28.3
4.672,139.18,142.18,1684,28.3
4.682,138.84,141.84,1936,28.3
4.692,138.06,141.06,1739,28.3
4.702,138.64,141.64,1716,28.3
4.712,137.77,140.77,2058,28.3
4.722,137.71,140.71,1853,28.3
4.732,136.92,139.92,1931,28.3
4.742,137.64,140.64,1675,28.3
4.752,136.2,139.2,2069,28.3
4.762,137.46,140.46,1878,28.3
4.772,137.69,140.69,2036,28.3
4.782,136.52,139.52,1805,28.3
4.792,137.53,140.53,1676,28.3
4.802,137.7,140.7,1924,28.3
4.812,137.62,140.62,1857,28.3
4.822,137.27,140.27,1860,28.3
4.832,137.21,140.21,1907,28.3
4.842,136.96,139.96,1760,28.3
4.852,136.06,139.06,1919,28.3
4.862,136.72,139.72,1569,28.3
4.872,135.26,138.26,1762,28.3
4.882,136.57,139.57,1826,28.3
4.892,135.4,138.4,1662,28.3
4.902,134.85,137.85,1594,28.3
4.912,134.77,137.77,1794,28.3
4.922,134.17,137.17,1744,28.3
4.932,135.14,138.14,1641,28.3
4.942,135.74,138.74,1640,28.3
4.952,134.23,137.23,1694,28.3
4.962,134.77,137.77,1739,28.3
4.972,134.19,137.19,1934,28.3
4.982,134.92,137.92,1859,28.3
4.992,134.59,137.59,1667,28.3
5.002,133.0,136.0,1667,28.3
5.012,134.89,137.89,1686,28.3
5.022,135.72,138.72,1515,28.3
5.032,134.53,137.53,1792,28.3
5.042,133.95,136.95,1685,28.3
5.052,133.56,136.56,1872,28.3
5.062,135.17,138.17,1894,28.3
5.072,134.42,137.42,1907,28.3
5.082,134.45,137.45,1351,28.3
5.092,133.01,136.01,2053,28.3
5.102,134.23,137.23,1919,28.3
5.112,133.3,136.3,1867,28.3
5.122,134.43,137.43,2013,28.3
5.132,134.72,137.72,1690,28.3
5.142,133.49,136.49,1549,28.3
5.152,134.18,137.18,1474,28.3
5.162,132.88,135.88,1702,28.3
5.172,133.43,136.43,1751,28.3
5.182,133.31,136.31,2054,28.3
5.192,134.25,137.25,1984,28.3
5.202,133.4,136.4,1663,28.3
5.212,133.43,136.43,2145,28.3
5.222,132.47,135.47,1921,28.3
5.232,133.44,136.44,1588,28.3
5.242,134.77,137.77,1977,28.3
5.252,132.52,135.52,1827,28.3
5.262,132.74,135.74,1934,28.3
5.272,132.13,135.13,1940,28.3
5.282,131.84,134.84,1692,28.3
5.292,133.39,136.39,1816,28.3
5.302,131.35,134.35,1825,28.3
5.312,131.45,134.45,1943,28.3
5.322,131.42,134.42,1768,28.3
5.332,131.77,134.77,2036,28.3
5.342,131.92,134.92,1760,28.3
5.352,132.48,135.48,1666,28.3
5.362,133.98,136.98,1896,28.3
5.372,132.57,135.57,2253,28.3
5.382,129.8,132.8,1866,28.3
5.392,131.12,134.12,1526,28.3
5.402,133.03,136.03,1563,28.3
5.412,130.99,133.99,1919,28.3
5.422,130.5,133.5,1942,28.3
5.432,132.19,135.19,1938,28.3
5.442,132.14,135.14,1613,28.3
5.452,130.42,133.42,1852,28.3
5.462,131.62,134.62,1869,28.3
5.472,131.34,134.34,2040,28.3
5.482,129.46,132.46,1641,28.3
5.492,131.89,134.89,1742,28.3
5.502,130.73,133.73,1466,28.3
5.512,131.26,134.26,1913,28.3
5.522,132.31,135.31,1665,28.3
5.532,130.98,133.98,1911,28.3
5.542,130.76,133.76,1730,28.3
5.552,130.42,133.42,1924,28.3
5.562,130.47,133.47,1682,28.3
5.572,129.79,132.79,1944,28.3
5.582,129.92,132.92,1354,28.3
5.592,129.93,132.93,1950,28.3
5.602,131.25,134.25,1706,28.4
5.612,132.28,135.28,1869,28.4
5.622,131.35,134.35,1577,28.4
5.632,130.58,133.58,1784,28.4
5.642,129.86,132.86,1559,28.4
5.652,130.52,133.52,1831,28.4
5.662,131.61,134.61,1775,28.4
5.672,130.92,133.92,1803,28.4
5.682,130.56,133.56,1963,28.4
5.692,131.58,134.58,1600,28.4
5.702,128.65,131.65,1647,28.4
5.712,130.69,133.69,2001,28.4
5.722,130.48,133.48,1651,28.4
5.732,130.78,133.78,1611,28.4
5.742,131.25,134.25,1830,28.4
5.752,130.21,133.21,1709,28.4
5.762,130.59,133.59,1808,28.4
5.772,130.43,133.43,1705,28.4
5.782,129.86,132.86,1688,28.4
5.792,129.97,132.97,2000,28.4
5.802,130.4,133.4,1859,28.4
5.812,129.94,132.94,1786,28.4
5.822,130.11,133.11,1563,28.4
5.832,128.91,131.91,1806,28.4
5.842,131.16,134.16,1955,28.4
5.852,130.16,133.16,1603,28.4
5.862,130.79,133.79,1910,28.4
5.872,129.32,132.32,1817,28.4
5.882,129.57,132.57,1853,28.4
5.892,130.27,133.27,1747,28.4
5.902,130.48,133.48,1774,28.4
5.912,129.74,132.74,1740,28.4
5.922,129.82,132.82,1708,28.4
5.932,128.71,131.71,2017,28.4
5.942,129.49,132.49,1853,28.4
5.952,130.01,133.01,1879,28.4
5.962,128.49,131.49,1815,28.4
5.972,128.77,131.77,1831,28.4
5.982,129.07,132.07,1669,28.4
5.992,131.42,134.42,1799,28.4
6.003,130.42,133.42,1899,28.4
6.013,129.67,132.67,1759,28.4
6.023,127.98,130.98,1877,28.4
6.033,130.71,133.71,1757,28.4
6.043,130.86,133.86,2007,28.4
6.053,130.1,133.1,1563,28.4
6.063,129.97,132.97,1686,28.4
6.073,130.11,133.11,1910,28.4
6.083,130.5,133.5,1689,28.4
6.093,128.49,131.49,1840,28.4
6.103,129.86,132.86,1835,28.4
6.113,130.16,133.16,1787,28.4
6.123,130.91,133.91,2141,28.4
6.133,131.43,134.43,1785,28.4
6.143,130.14,133.14,1875,28.4
6.153,129.84,132.84,1633,28.4
6.163,130.94,133.94,1943,28.4
6.173,129.86,132.86,1809,28.4
6.183,130.64,133.64,1463,28.4
6.193,132.17,135.17,1924,28.4
6.203,130.34,133.34,2077,28.4
6.213,130.7,133.7,1810,28.4
6.223,129.86,132.86,1994,28.4
6.233,130.51,133.51,1993,28.4
6.243,130.18,133.18,1718,28.4
6.253,128.77,131.77,1739,28.4
6.263,130.23,133.23,1968,28.4
6.273,129.92,132.92,1753,28.4
6.283,130.52,133.52,1632,28.4
6.293,129.86,132.86,1619,28.4
6.303,129.06,132.06,1935,28.4
6.313,130.08,133.08,1552,28.4
6.323,130.28,133.28,1751,28.4
6.333,129.4,132.4,1615,28.4
6.343,130.35,133.35,2158,28.4
6.353,128.97,131.97,1924,28.4
6.363,130.43,133.43,1909,28.4
6.373,130.54,133.54,1299,28.4
6.383,131.4,134.4,1695,28.4
6.393,129.82,132.82,1902,28.4
6.403,130.56,133.56,1471,28.4
6.413,131.97,134.97,1766,28.4
6.423,130.83,133.83,1866,28.4
6.433,130.29,133.29,1731,28.4
6.443,131.89,134.89,1774,28.4
6.453,131.37,134.37,1668,28.4
6.463,132.02,135.02,1557,28.4
6.473,130.71,133.71,1849,28.4
6.483,130.24,133.24,2142,28.4
6.493,133.42,136.42,1614,28.4
6.503,131.68,134.68,1969,28.4
6.513,131.34,134.34,1899,28.4
6.523,132.01,135.01,1793,28.4
6.533,130.07,133.07,1975,28.4
6.543,130.77,133.77,1725,28.4
6.553,132.74,135.74,1953,28.4
6.563,132.09,135.09,1791,28.4
6.573,130.44,133.44,1757,28.4
6.583,130.59,133.59,1877,28.4
6.593,133.73,136.73,1758,28.4
6.603,132.66,135.66,1891,28.4
6.613,132.0,135.0,1776,28.4
6.623,130.95,133.95,1622,28.4
6.633,132.52,135.52,1810,28.4
6.643,131.74,134.74,1782,28.4
6.653,132.09,135.09,1852,28.4
6.663,131.78,134.78,1607,28.4
6.673,132.46,135.46,1647,28.4
6.683,130.9,133.9,1938,28.4
6.693,130.74,133.74,1889,28.4
6.703,133.61,136.61,1806,28.4
6.713,131.0,134.0,1723,28.4
6.723,132.6,135.6,2000,28.4
6.733,133.42,136.42,1664,28.4
6.743,132.12,135.12,1742,28.4
6.753,132.04,135.04,1703,28.4
6.763,133.38,136.38,2006,28.4
6.773,133.93,136.93,1745,28.4
6.783,133.11,136.11,1460,28.4
6.793,132.74,135.74,1801,28.4
6.803,134.31,137.31,1754,28.4
6.813,134.01,137.01,1658,28.4
6.823,132.69,135.69,1722,28.4
6.833,133.35,136.35,1799,28.4
6.843,133.35,136.35,2001,28.4
6.853,132.98,135.98,1936,28.4
6.863,133.5,136.5,1843,28.4
6.873,131.91,134.91,1853,28.4
6.883,134.34,137.34,1536,28.4
6.893,133.92,136.92,1727,28.4
6.903,135.07,138.07,1665,28.4
6.913,132.64,135.64,2419,28.4
6.923,134.37,137.37,1870,28.4
6.933,134.2,137.2,1793,28.4
6.943,134.1,137.1,1964,28.4
6.953,134.44,137.44,1806,28.4
6.963,134.89,137.89,2010,28.4
6.973,133.75,136.75,1721,28.4
6.983,133.23,136.23,1847,28.4
6.993,134.86,137.86,1872,28.4
7.003,135.52,138.52,1782,28.4
7.013,132.7,135.7,1859,28.4
7.023,135.19,138.19,1714,28.4
7.033,134.31,137.31,1964,28.4
7.043,136.18,139.18,1545,28.4
7.053,135.71,138.71,1952,28.4
7.063,135.95,138.95,1599,28.4
7.073,136.21,139.21,1993,28.4
7.083,136.21,139.21,1575,28.4
7.093,136.0,139.0,1696,28.4
7.103,135.09,138.09,1529,28.4
7.113,135.2,138.2,1801,28.4
7.123,136.42,139.42,1695,28.4
7.133,136.21,139.21,1766,28.4
7.143,137.09,140.09,1584,28.4
7.153,136.77,139.77,1846,28.4
7.163,135.84,138.84,1892,28.4
7.173,136.95,139.95,1713,28.4
7.183,138.03,141.03,1791,28.4
7.193,136.46,139.46,1902,28.4
7.203,136.09,139.09,1878,28.5
7.213,135.84,138.84,1887,28.5
7.223,137.7,140.7,1993,28.5
7.233,136.02,139.02,1622,28.5
7.243,137.24,140.24,1723,28.5
7.253,137.24,140.24,2021,28.5
7.263,137.76,140.76,1757,28.5
7.273,138.1,141.1,1796,28.5
7.283,137.32,140.32,1740,28.5
7.293,136.46,139.46,1754,28.5
7.303,139.38,142.38,1773,28.5
7.313,137.71,140.71,1599,28.5
7.323,138.62,141.62,1982,28.5
7.333,139.33,142.33,1838,28.5
7.343,138.29,141.29,1957,28.5
7.353,139.71,142.71,2146,28.5
7.363,137.26,140.26,1626,28.5
7.373,139.45,142.45,2062,28.5
7.383,139.35,142.35,1844,28.5
7.393,139.24,142.24,1734,28.5
7.403,139.75,142.75,1737,28.5
7.413,138.42,141.42,1980,28.5
7.423,140.62,143.62,1869,28.5
7.433,139.17,142.17,1646,28.5
7.443,141.34,144.34,1429,28.5
7.453,139.46,142.46,1904,28.5
7.463,139.59,142.59,1811,28.5
7.473,140.46,143.46,1569,28.5
7.483,140.06,143.06,2032,28.5
7.493,140.87,143.87,1847,28.5
7.503,140.91,143.91,1958,28.5
7.513,141.07,144.07,1984,28.5
7.523,141.32,144.32,1759,28.5
7.533,140.85,143.85,1870,28.5
7.543,139.99,142.99,1963,28.5
7.553,140.54,143.54,1899,28.5
7.563,142.1,145.1,1767,28.5
7.573,141.73,144.73,1853,28.5
7.583,142.1,145.1,1929,28.5
7.593,141.83,144.83,1999,28.5
7.603,141.93,144.93,1824,28.5
7.613,141.68,144.68,1698,28.5
7.623,141.3,144.3,2015,28.5
7.633,142.98,145.98,1619,28.5
7.643,143.27,146.27,1963,28.5
7.653,140.51,143.51,2064,28.5
7.663,141.84,144.84,1852,28.5
7.673,143.07,146.07,1930,28.5
7.683,142.27,145.27,1851,28.5
7.693,143.89,146.89,1886,28.5
7.703,144.5,147.5,1806,28.5
7.713,145.0,148.0,1830,28.5
7.723,146.35,149.35,1920,28.5
7.733,144.87,147.87,1933,28.5
7.743,145.05,148.05,1544,28.5
7.753,144.26,147.26,1819,28.5
7.763,146.29,149.29,1808,28.5
7.773,146.09,149.09,1918,28.5
7.783,146.31,149.31,1613,28.5
7.793,145.19,148.19,1807,28.5
7.803,148.16,151.16,1662,28.5
7.813,146.37,149.37,1750,28.5
7.823,145.88,148.88,1624,28.5
7.833,146.12,149.12,1956,28.5
7.843,147.24,150.24,1914,28.5
7.853,146.27,149.27,1671,28.5
7.863,147.4,150.4,1854,28.5
7.873,147.69,150.69,2170,28.5
7.883,147.65,150.65,1858,28.5
7.893,147.16,150.16,1831,28.5
7.903,148.37,151.37,1837,28.5
7.913,147.88,150.88,2136,28.5
7.923,148.98,151.98,1884,28.5
7.933,149.07,152.07,1696,28.5
7.943,148.57,151.57,1820,28.5
7.953,150.0,153.0,1722,28.5
7.963,149.27,152.27,1894,28.5
7.973,148.98,151.98,1671,28.5
7.983,149.77,152.77,1990,28.5
7.993,151.61,154.61,1844,28.5
8.003,151.67,154.67,1822,28.5
8.013,149.98,152.98,1563,28.5
8.023,151.75,154.75,1860,28.5
8.033,151.24,154.24,1507,28.5
8.043,151.78,154.78,1749,28.5
8.053,150.89,153.89,1623,28.5
8.063,151.43,154.43,1689,28.5
8.073,152.54,155.54,2075,28.5
8.083,152.2,155.2,1696,28.5
8.093,150.57,153.57,2014,28.5
8.103,151.78,154.78,1780,28.5
8.113,153.01,156.01,1948,28.5
8.123,153.94,156.94,1677,28.5
8.133,152.92,155.92,1690,28.5
8.143,153.28,156.28,1777,28.5
8.153,154.52,157.52,1767,28.5
8.163,153.46,156.46,1817,28.5
8.173,154.33,157.33,1583,28.5
8.183,154.52,157.52,1644,28.5
8.193,154.83,157.83,1950,28.5
8.203,154.86,157.86,1985,28.5
8.213,155.73,158.73,1613,28.5
8.223,156.6,159.6,1915,28.5
8.233,155.93,158.93,1816,28.5
8.243,156.41,159.41,1745,28.5
8.253,155.5,158.5,1642,28.5
8.263,157.83,160.83,1815,28.5
8.273,157.11,160.11,1768,28.5
8.283,158.88,161.88,1913,28.5
8.293,157.97,160.97,1684,28.5
8.303,157.7,160.7,1768,28.5
8.313,157.92,160.92,1891,28.5
8.323,158.58,161.58,1975,28.5
8.333,159.37,162.37,1411,28.5
8.343,158.4,161.4,1846,28.5
8.353,159.5,162.5,1469,28.5
8.363,158.79,161.79,1665,28.5
8.373,159.22,162.22,1645,28.5
8.383,161.27,164.27,1418,28.5
8.393,159.97,162.97,1928,28.5
8.404,161.78,164.78,1779,28.5
8.414,161.91,164.91,1764,28.5
8.424,161.53,164.53,1966,28.5
8.434,161.6,164.6,2001,28.5
8.444,161.36,164.36,2124,28.5
8.454,164.19,167.19,1747,28.5
8.464,162.19,165.19,1921,28.5
8.474,162.94,165.94,1774,28.5
8.484,162.35,165.35,1801,28.5
8.494,163.72,166.72,1829,28.5
8.504,164.72,167.72,1938,28.5
8.514,164.27,167.27,2051,28.5
8.524,164.31,167.31,1588,28.5
8.534,165.56,168.56,1629,28.5
8.544,165.84,168.84,1810,28.5
8.554,165.21,168.21,1983,28.5
8.564,165.28,168.28,2115,28.5
8.574,167.86,170.86,1978,28.5
8.584,166.3,169.3,1879,28.5
8.594,168.37,171.37,1509,28.5
8.604,168.1,171.1,1530,28.5
8.614,167.38,170.38,1477,28.5
8.624,168.68,171.68,1860,28.5
8.634,168.53,171.53,1790,28.5
8.644,167.71,170.71,1590,28.5
8.654,168.94,171.94,1831,28.5
8.664,170.1,173.1,1767,28.5
8.674,169.74,172.74,2046,28.5
8.684,170.26,173.26,1769,28.5
8.694,171.72,174.72,1941,28.5
8.704,172.61,175.61,1787,28.5
8.714,171.76,174.76,1595,28.5
8.724,172.01,175.01,1904,28.5
8.734,172.25,175.25,1998,28.5
8.744,172.25,175.25,1783,28.5
8.754,173.36,176.36,1880,28.5
8.764,173.04,176.04,1864,28.5
8.774,173.41,176.41,1685,28.5
8.784,173.04,176.04,1728,28.5
8.794,175.89,178.89,1899,28.5
8.804,175.06,178.06,1738,28.6
8.814,176.0,179.0,1534,28.6
8.824,175.67,178.67,1547,28.6
8.834,175.4,178.4,1864,28.6
8.844,177.15,180.15,1659,28.6
8.854,177.92,180.92,1807,28.6
8.864,178.67,181.67,1860,28.6
8.874,177.91,180.91,2002,28.6
8.884,176.98,179.98,1958,28.6
8.894,179.54,182.54,1827,28.6
8.904,178.81,181.81,1694,28.6
8.914,179.82,182.82,1833,28.6
8.924,180.39,183.39,1677,28.6
8.934,181.57,184.57,1932,28.6
8.944,181.07,184.07,2064,28.6
8.954,180.99,183.99,1763,28.6
8.964,182.94,185.94,1745,28.6
8.974,181.39,184.39,1709,28.6
8.984,182.55,185.55,2033,28.6
8.994,182.48,185.48,1963,28.6
9.004,183.19,186.19,1773,28.6
9.014,184.93,187.93,1970,28.6
9.024,184.92,187.92,2030,28.6
9.034,186.03,189.03,1880,28.6
9.044,184.79,187.79,1814,28.6
9.054,185.86,188.86,1779,28.6
9.064,187.22,190.22,1733,28.6
9.074,188.26,191.26,1765,28.6
9.084,188.08,191.08,1695,28.6
9.094,187.18,190.18,1762,28.6
9.104,190.51,193.51,1895,28.6
9.114,190.41,193.41,1735,28.6
9.124,189.98,192.98,1787,28.6
9.134,190.52,193.52,1722,28.6
9.144,192.24,195.24,2107,28.6
9.154,191.88,194.88,1765,28.6
9.164,191.16,194.16,1908,28.6
9.174,193.09,196.09,1633,28.6
9.184,192.94,195.94,1878,28.6
9.194,193.07,196.07,1708,28.6
9.204,195.95,198.95,1697,28.6
9.214,194.54,197.54,1807,28.6
9.224,194.86,197.86,1770,28.6
9.234,197.04,200.04,1912,28.6
9.244,197.46,200.46,1719,28.6
9.254,197.67,200.67,1744,28.6
9.264,197.95,200.95,1922,28.6
9.274,197.89,200.89,1971,28.6
9.284,198.48,201.48,1796,28.6
9.294,197.94,200.94,1919,28.6
9.304,197.38,200.38,1677,28.6
9.314,195.8,198.8,1979,28.6
9.324,196.0,199.0,1805,28.6
9.334,195.86,198.86,1510,28.6
9.344,193.39,196.39,1854,28.6
9.354,196.64,199.64,1442,28.6
9.364,194.02,197.02,1661,28.6
9.374,195.32,198.32,1507,28.6
9.384,194.64,197.64,1854,28.6
9.394,194.22,197.22,2045,28.6
9.404,192.81,195.81,1656,28.6
9.414,192.78,195.78,1860,28.6
9.424,191.16,194.16,1603,28.6
9.434,192.48,195.48,1843,28.6
9.444,190.88,193.88,2211,28.6
9.454,190.95,193.95,1752,28.6
9.464,189.96,192.96,1924,28.6
9.474,190.12,193.12,1857,28.6
9.484,190.06,193.06,1868,28.6
9.494,189.32,192.32,1544,28.6
9.504,187.44,190.44,1752,28.6
9.514,188.97,191.97,1771,28.6
9.524,188.32,191.32,1769,28.6
9.534,189.82,192.82,2004,28.6
9.544,187.21,190.21,1998,28.6
9.554,185.51,188.51,1977,28.6
9.564,187.61,190.61,1664,28.6
9.574,187.52,190.52,1903,28.6
9.584,186.64,189.64,1901,28.6
9.594,184.98,187.98,1903,28.6
9.604,184.7,187.7,2054,28.6
9.614,184.31,187.31,1935,28.6
9.624,183.99,186.99,1964,28.6
9.634,183.57,186.57,2051,28.6
9.644,184.25,187.25,1741,28.6
9.654,184.86,187.86,1536,28.6
9.664,184.52,187.52,1800,28.6
9.674,182.77,185.77,1616,28.6
9.684,181.83,184.83,1700,28.6
9.694,183.03,186.03,1683,28.6
9.704,181.62,184.62,1585,28.6
9.714,180.41,183.41,1739,28.6
9.724,180.78,183.78,1719,28.6
9.734,180.24,183.24,1933,28.6
9.744,180.67,183.67,1781,28.6
9.754,181.73,184.73,1697,28.6
9.764,179.74,182.74,1834,28.6
9.774,179.95,182.95,1789,28.6
9.784,179.74,182.74,1963,28.6
9.794,179.88,182.88,1777,28.6
9.804,177.73,180.73,1815,28.6
9.814,178.52,181.52,2043,28.6
9.824,177.49,180.49,1711,28.6
9.834,176.8,179.8,1757,28.6
9.844,177.47,180.47,1833,28.6
9.854,177.53,180.53,1517,28.6
9.864,177.43,180.43,1977,28.6
9.874,175.45,178.45,1781,28.6
9.884,176.75,179.75,1721,28.6
9.894,175.82,178.82,1828,28.6
9.904,175.11,178.11,1585,28.6
9.914,175.09,178.09,1784,28.6
9.924,175.23,178.23,1739,28.6
9.934,175.06,178.06,1804,28.6
9.944,175.34,178.34,1934,28.6
9.954,174.99,177.99,1874,28.6
9.964,174.03,177.03,1805,28.6
9.974,173.9,176.9,1402,28.6
9.984,172.74,175.74,1865,28.6
9.994,174.34,177.34,1827,28.6
10.004,174.59,177.59,1643,28.6
10.014,173.53,176.53,1790,28.6
10.024,171.95,174.95,1976,28.6
10.034,172.81,175.81,1807,28.6
10.044,172.39,175.39,1636,28.6
10.054,171.74,174.74,1603,28.6
10.064,171.38,174.38,1746,28.6
10.074,170.86,173.86,1803,28.6
10.084,170.58,173.58,1820,28.6
10.094,172.02,175.02,1652,28.6
10.104,169.49,172.49,1767,28.6
10.114,171.03,174.03,1895,28.6
10.124,169.89,172.89,1512,28.6
10.134,169.98,172.98,1816,28.6
10.144,170.43,173.43,1801,28.6
10.154,169.21,172.21,1395,28.6
10.164,170.02,173.02,1702,28.6
10.174,169.74,172.74,1770,28.6
10.184,170.03,173.03,1952,28.6
10.194,169.97,172.97,1774,28.6
10.204,168.88,171.88,1814,28.6
10.214,169.19,172.19,1776,28.6
10.224,169.98,172.98,1965,28.6
10.234,168.96,171.96,1662,28.6
10.244,166.85,169.85,1677,28.6
10.254,166.69,169.69,1765,28.6
10.264,168.24,171.24,2024,28.6
10.274,166.59,169.59,1597,28.6
10.284,167.24,170.24,1899,28.6
10.294,166.28,169.28,1667,28.6
10.304,167.59,170.59,1858,28.6
10.314,166.76,169.76,1705,28.6
10.324,164.71,167.71,1511,28.6
10.334,165.24,168.24,1813,28.6
10.344,164.59,167.59,1598,28.6
10.354,164.34,167.34,1725,28.6
10.364,163.81,166.81,1757,28.6
10.374,164.09,167.09,1691,28.6
10.384,165.35,168.35,1755,28.6
10.394,165.39,168.39,1898,28.6
10.404,164.39,167.39,1841,28.7
10.414,163.97,166.97,1848,28.7
10.424,164.29,167.29,1798,28.7
10.434,165.37,168.37,2026,28.7
10.444,163.24,166.24,1894,28.7
10.454,163.44,166.44,1794,28.7
10.464,161.96,164.96,1817,28.7
10.474,162.8,165.8,2078,28.7
10.484,162.66,165.66,2035,28.7
10.494,163.47,166.47,1807,28.7
10.504,162.87,165.87,1955,28.7
10.514,162.23,165.23,1939,28.7
10.524,162.11,165.11,1783,28.7
10.534,162.26,165.26,1905,28.7
10.544,161.12,164.12,1845,28.7
10.554,160.9,163.9,1923,28.7
10.564,160.42,163.42,1958,28.7
10.574,162.1,165.1,1586,28.7
10.584,160.48,163.48,2038,28.7
10.594,161.57,164.57,1660,28.7
10.604,161.26,164.26,1625,28.7
10.614,159.47,162.47,1803,28.7
10.624,159.29,162.29,1916,28.7
10.634,160.58,163.58,1600,28.7
10.644,160.18,163.18,1601,28.7
10.654,159.57,162.57,1997,28.7
10.664,159.79,162.79,1957,28.7
10.674,158.8,161.8,1898,28.7
10.684,159.27,162.27,1910,28.7
10.694,160.53,163.53,1959,28.7
10.704,159.33,162.33,1896,28.7
10.714,157.44,160.44,1761,28.7
10.724,158.91,161.91,1877,28.7
10.734,158.36,161.36,1685,28.7
10.744,157.76,160.76,1581,28.7
10.754,157.43,160.43,1892,28.7
10.764,157.49,160.49,1682,28.7
10.774,157.91,160.91,1705,28.7
10.784,157.2,160.2,2014,28.7
10.794,156.95,159.95,1715,28.7
10.805,159.33,162.33,1771,28.7
10.815,158.36,161.36,1717,28.7
10.825,157.06,160.06,1907,28.7
10.835,157.25,160.25,1837,28.7
10.845,157.44,160.44,1782,28.7
10.855,159.25,162.25,1756,28.7
10.865,157.62,160.62,1989,28.7
10.875,157.64,160.64,1745,28.7
10.885,156.99,159.99,1917,28.7
10.895,157.06,160.06,1908,28.7
10.905,156.86,159.86,1680,28.7
10.915,157.46,160.46,1713,28.7
10.925,155.58,158.58,1933,28.7
10.935,154.76,157.76,1932,28.7
10.945,155.54,158.54,1462,28.7
10.955,158.3,161.3,1789,28.7
10.965,155.22,158.22,1682,28.7
10.975,156.85,159.85,1655,28.7
10.985,155.0,158.0,1795,28.7
10.995,155.14,158.14,1874,28.7
11.005,156.22,159.22,1982,28.7
11.015,155.26,158.26,1593,28.7
11.025,153.9,156.9,1576,28.7
11.035,155.07,158.07,1968,28.7
11.045,155.67,158.67,1723,28.7
11.055,154.74,157.74,1935,28.7
11.065,153.29,156.29,1696,28.7
11.075,154.65,157.65,1537,28.7
11.085,153.92,156.92,1698,28.7
11.095,153.92,156.92,1858,28.7
11.105,154.25,157.25,1750,28.7
11.115,154.93,157.93,1749,28.7
11.125,154.44,157.44,2016,28.7
11.135,153.21,156.21,1957,28.7
11.145,153.12,156.12,1941,28.7
11.155,152.72,155.72,1550,28.7
11.165,154.02,157.02,1861,28.7
11.175,152.83,155.83,1544,28.7
11.185,153.21,156.21,1562,28.7
11.195,152.39,155.39,1877,28.7
11.205,153.45,156.45,1810,28.7
11.215,153.94,156.94,1747,28.7
11.225,153.21,156.21,2001,28.7
11.235,153.44,156.44,1831,28.7
11.245,152.93,155.93,1666,28.7
11.255,152.89,155.89,1633,28.7
11.265,153.38,156.38,1325,28.7
11.275,153.34,156.34,1573,28.7
11.285,152.98,155.98,1685,28.7
11.295,151.9,154.9,1983,28.7
11.305,153.25,156.25,1842,28.7
11.315,152.55,155.55,2138,28.7
11.325,152.21,155.21,1646,28.7
11.335,151.97,154.97,1900,28.7
11.345,152.19,155.19,2085,28.7
11.355,152.08,155.08,2071,28.7
11.365,152.27,155.27,2097,28.7
11.375,151.08,154.08,1790,28.7
11.385,152.41,155.41,1595,28.7
11.395,150.97,153.97,1815,28.7
11.405,152.01,155.01,1832,28.7
11.415,151.43,154.43,1861,28.7
11.425,151.77,154.77,1515,28.7
11.435,152.48,155.48,1944,28.7
11.445,151.22,154.22,1909,28.7
11.455,151.51,154.51,1767,28.7
11.465,151.47,154.47,1919,28.7
11.475,150.92,153.92,1640,28.7
11.485,150.83,153.83,1985,28.7
11.495,151.16,154.16,1626,28.7
11.505,152.1,155.1,1608,28.7
11.515,151.43,154.43,1875,28.7
11.525,152.04,155.04,1729,28.7
11.535,150.2,153.2,1885,28.7
11.545,149.5,152.5,1641,28.7
11.555,150.53,153.53,1986,28.7
11.565,151.54,154.54,1685,28.7
11.575,150.36,153.36,1895,28.7
11.585,151.77,154.77,1632,28.7
11.595,150.04,153.04,1889,28.7
11.605,151.82,154.82,1904,28.7
11.615,150.32,153.32,1733,28.7
11.625,149.7,152.7,1868,28.7
11.635,151.48,154.48,2100,28.7
11.645,152.53,155.53,1884,28.7
11.655,150.01,153.01,1733,28.7
11.665,151.44,154.44,1841,28.7
11.675,150.21,153.21,1746,28.7
11.685,149.91,152.91,1852,28.7
11.695,150.69,153.69,1720,28.7
11.705,149.15,152.15,2021,28.7
11.715,151.97,154.97,1628,28.7
11.725,149.19,152.19,1760,28.7
11.735,150.55,153.55,1832,28.7
11.745,150.53,153.53,1621,28.7
11.755,149.5,152.5,1765,28.7
11.765,149.94,152.94,1956,28.7
11.775,150.98,153.98,1938,28.7
11.785,151.95,154.95,1758,28.7
11.795,150.54,153.54,1678,28.7
11.805,150.37,153.37,1859,28.7
11.815,150.94,153.94,1807,28.7
11.825,149.87,152.87,1935,28.7
11.835,150.44,153.44,1777,28.7
11.845,149.42,152.42,1690,28.7
11.855,150.02,153.02,1656,28.7
11.865,151.22,154.22,1716,28.7
11.875,151.15,154.15,1935,28.7
11.885,149.86,152.86,1926,28.7
11.895,148.92,151.92,1923,28.7
11.905,151.33,154.33,1700,28.7
11.915,151.44,154.44,1968,28.7
11.925,149.85,152.85,1869,28.7
11.935,150.53,153.53,1723,28.7
11.945,150.15,153.15,1627,28.7
11.955,151.0,154.0,1848,28.7
11.965,149.11,152.11,1656,28.7
11.975,151.22,154.22,1646,28.7
11.985,149.36,152.36,1788,28.7
11.995,149.96,152.96,1657,28.7
12.005,150.42,153.42,1907,28.8
12.015,150.0,153.0,1594,28.8
12.025,150.93,153.93,1972,28.8
12.035,150.31,153.31,1876,28.8
12.045,149.82,152.82,1823,28.8
12.055,150.75,153.75,1824,28.8
12.065,150.16,153.16,1846,28.8
12.075,149.63,152.63,1815,28.8
12.085,149.52,152.52,1964,28.8
12.095,149.47,152.47,1802,28.8
12.105,150.05,153.05,1737,28.8
12.115,148.97,151.97,1865,28.8
12.125,149.67,152.67,1605,28.8
12.135,151.61,154.61,1766,28.8
12.145,151.03,154.03,1664,28.8
12.155,150.42,153.42,1958,28.8
12.165,148.9,151.9,1674,28.8
12.175,150.41,153.41,1904,28.8
12.185,149.38,152.38,1867,28.8
12.195,150.01,153.01,1669,28.8
12.205,150.53,153.53,2038,28.8
12.215,150.87,153.87,1893,28.8
12.225,152.04,155.04,1766,28.8
12.235,150.44,153.44,1784,28.8
12.245,150.4,153.4,1828,28.8
12.255,150.73,153.73,1687,28.8
12.265,149.9,152.9,1784,28.8
12.275,149.68,152.68,1667,28.8
12.285,148.82,151.82,1832,28.8
12.295,150.5,153.5,1652,28.8
12.305,149.96,152.96,1742,28.8
12.315,149.51,152.51,1761,28.8
12.325,150.36,153.36,1819,28.8
12.335,150.58,153.58,1808,28.8
12.345,151.44,154.44,1993,28.8
12.355,149.68,152.68,1736,28.8
12.365,151.32,154.32,1758,28.8
12.375,148.71,151.71,1775,28.8
12.385,150.74,153.74,1903,28.8
12.395,151.57,154.57,2000,28.8
12.405,150.86,153.86,1502,28.8
12.415,151.72,154.72,1671,28.8
12.425,149.33,152.33,1972,28.8
12.435,152.4,155.4,1893,28.8
12.445,150.08,153.08,1915,28.8
12.455,152.18,155.18,1750,28.8
12.465,150.75,153.75,1670,28.8
12.475,151.5,154.5,1909,28.8
12.485,152.24,155.24,1821,28.8
12.495,152.57,155.57,1961,28.8
12.505,152.28,155.28,1732,28.8
12.515,151.95,154.95,2083,28.8
12.525,151.16,154.16,1954,28.8
12.535,150.9,153.9,1687,28.8
12.545,152.86,155.86,1856,28.8
12.555,150.52,153.52,1584,28.8
12.565,151.89,154.89,1562,28.8
12.575,152.28,155.28,1855,28.8
12.585,151.97,154.97,1945,28.8
12.595,151.42,154.42,1962,28.8
12.605,153.05,156.05,1787,28.8
12.615,151.42,154.42,1606,28.8
12.625,151.42,154.42,1835,28.8
12.635,151.29,154.29,2133,28.8
12.645,152.23,155.23,1912,28.8
12.655,153.25,156.25,1761,28.8
12.665,152.97,155.97,1653,28.8
12.675,151.51,154.51,1840,28.8
12.685,152.03,155.03,1844,28.8
12.695,153.34,156.34,1729,28.8
12.705,151.95,154.95,1609,28.8
12.715,152.72,155.72,1677,28.8
12.725,152.01,155.01,1882,28.8
12.735,154.04,157.04,1888,28.8
12.745,153.31,156.31,1725,28.8
12.755,153.22,156.22,1988,28.8
12.765,153.11,156.11,1748,28.8
12.775,153.06,156.06,1864,28.8
12.785,153.25,156.25,1791,28.8
12.795,152.36,155.36,2033,28.8
12.805,153.4,156.4,1798,28.8
12.815,153.0,156.0,1928,28.8
12.825,152.73,155.73,1976,28.8
12.835,152.26,155.26,1824,28.8
12.845,154.49,157.49,1550,28.8
12.855,152.6,155.6,1897,28.8
12.865,153.92,156.92,1921,28.8
12.875,153.65,156.65,1683,28.8
12.885,154.48,157.48,1959,28.8
12.895,155.14,158.14,1788,28.8
12.905,155.25,158.25,1817,28.8
12.915,153.89,156.89,1967,28.8
12.925,155.33,158.33,1567,28.8
12.935,154.11,157.11,1699,28.8
12.945,154.39,157.39,1883,28.8
12.955,154.57,157.57,1747,28.8
12.965,156.72,159.72,1751,28.8
12.975,154.1,157.1,1779,28.8
12.985,155.46,158.46,1716,28.8
12.995,155.84,158.84,1793,28.8
13.005,154.19,157.19,1588,28.8
13.015,154.69,157.69,1974,28.8
13.025,155.59,158.59,1741,28.8
13.035,156.1,159.1,1711,28.8
13.045,155.63,158.63,1772,28.8
13.055,156.57,159.57,1932,28.8
13.065,156.17,159.17,1874,28.8
13.075,156.87,159.87,1875,28.8
13.085,156.54,159.54,2083,28.8
13.095,156.51,159.51,1535,28.8
13.105,158.12,161.12,1968,28.8
13.115,157.0,160.0,1913,28.8
13.125,157.28,160.28,1900,28.8
13.135,155.34,158.34,1863,28.8
13.145,157.11,160.11,2199,28.8
13.155,157.89,160.89,1636,28.8
13.165,156.31,159.31,1890,28.8
13.175,158.46,161.46,1728,28.8
13.185,158.24,161.24,1743,28.8
13.195,157.79,160.79,1931,28.8
13.206,158.68,161.68,1754,28.8
13.216,157.3,160.3,1991,28.8
13.226,156.8,159.8,2102,28.8
13.236,157.71,160.71,1867,28.8
13.246,158.91,161.91,1825,28.8
13.256,158.04,161.04,1596,28.8
13.266,158.48,161.48,1555,28.8
13.276,160.94,163.94,1826,28.8
13.286,158.74,161.74,1720,28.8
13.296,159.59,162.59,1993,28.8
13.306,160.51,163.51,1734,28.8
13.316,159.49,162.49,1718,28.8
13.326,159.32,162.32,2105,28.8
13.336,159.98,162.98,1853,28.8
13.346,158.41,161.41,1754,28.8
13.356,159.8,162.8,1824,28.8
13.366,160.05,163.05,1711,28.8
13.376,160.17,163.17,1799,28.8
13.386,159.05,162.05,2080,28.8
13.396,160.36,163.36,1876,28.8
13.406,161.14,164.14,1838,28.8
13.416,160.99,163.99,1688,28.8
13.426,160.18,163.18,1567,28.8
13.436,161.42,164.42,1705,28.8
13.446,161.48,164.48,2116,28.8
13.456,160.27,163.27,1728,28.8
13.466,161.62,164.62,1781,28.8
13.476,160.88,163.88,1869,28.8
13.486,161.86,164.86,1326,28.8
13.496,161.2,164.2,1808,28.8
13.506,164.14,167.14,1575,28.8
13.516,161.93,164.93,2007,28.8
13.526,163.2,166.2,1746,28.8
13.536,162.26,165.26,1516,28.8
13.546,163.76,166.76,1982,28.8
13.556,163.36,166.36,2019,28.8
13.566,163.88,166.88,1983,28.8
13.576,163.82,166.82,1774,28.8
13.586,163.98,166.98,1474,28.8
13.596,164.6,167.6,1741,28.8
13.606,164.42,167.42,1790,28.9
13.616,163.67,166.67,1732,28.9
13.626,163.27,166.27,1728,28.9
13.636,165.4,168.4,1893,28.9
13.646,164.97,167.97,1380,28.9
13.656,164.52,167.52,1672,28.9
13.666,165.77,168.77,1770,28.9
13.676,165.16,168.16,1681,28.9
13.686,165.79,168.79,1463,28.9
13.696,166.08,169.08,1933,28.9
13.706,166.95,169.95,2023,28.9
13.716,166.66,169.66,1517,28.9
13.726,167.1,170.1,1974,28.9
13.736,167.35,170.35,1781,28.9
13.746,166.99,169.99,1648,28.9
13.756,167.22,170.22,2065,28.9
13.766,166.95,169.95,1530,28.9
13.776,168.34,171.34,1865,28.9
13.786,167.58,170.58,1799,28.9
13.796,168.49,171.49,1808,28.9
13.806,169.33,172.33,1498,28.9
13.816,168.79,171.79,1644,28.9
13.826,169.55,172.55,1548,28.9
13.836,170.12,173.12,1705,28.9
13.846,169.64,172.64,1917,28.9
13.856,170.03,173.03,1825,28.9
13.866,170.43,173.43,1552,28.9
13.876,170.72,173.72,1920,28.9
13.886,169.44,172.44,1906,28.9
13.896,170.45,173.45,1951,28.9
13.906,170.22,173.22,1841,28.9
13.916,170.59,173.59,1862,28.9
13.926,170.27,173.27,2007,28.9
13.936,171.29,174.29,1937,28.9
13.946,172.71,175.71,2135,28.9
13.956,172.92,175.92,1669,28.9
13.966,171.93,174.93,1864,28.9
13.976,173.39,176.39,1818,28.9
13.986,172.51,175.51,1852,28.9
13.996,173.21,176.21,1768,28.9
14.006,172.4,175.4,1795,28.9
14.016,172.78,175.78,1918,28.9
14.026,174.47,177.47,1922,28.9
14.036,175.56,178.56,1953,28.9
14.046,174.15,177.15,1904,28.9
14.056,175.41,178.41,1986,28.9
14.066,173.5,176.5,1860,28.9
14.076,176.28,179.28,1557,28.9
14.086,175.39,178.39,2172,28.9
14.096,175.72,178.72,1577,28.9
14.106,176.52,179.52,1719,28.9
14.116,175.15,178.15,1929,28.9
14.126,177.75,180.75,1690,28.9
14.136,175.7,178.7,1703,28.9
14.146,177.74,180.74,1822,28.9
14.156,178.56,181.56,1641,28.9
14.166,177.14,180.14,1675,28.9
14.176,180.15,183.15,1869,28.9
14.186,177.89,180.89,1785,28.9
14.196,179.5,182.5,2019,28.9
14.206,180.07,183.07,1717,28.9
14.216,180.13,183.13,1630,28.9
14.226,181.24,184.24,1934,28.9
14.236,180.65,183.65,1762,28.9
14.246,180.14,183.14,1785,28.9
14.256,180.66,183.66,1860,28.9
14.266,180.89,183.89,1628,28.9
14.276,180.56,183.56,1918,28.9
14.286,181.79,184.79,1661,28.9
14.296,180.22,183.22,1892,28.9
14.306,182.35,185.35,1802,28.9
14.316,181.68,184.68,1677,28.9
14.326,182.34,185.34,1903,28.9
14.336,183.4,186.4,1627,28.9
14.346,184.2,187.2,1819,28.9
14.356,184.81,187.81,2049,28.9
14.366,183.96,186.96,1776,28.9
14.376,183.49,186.49,1721,28.9
14.386,185.59,188.59,1675,28.9
14.396,187.32,190.32,1776,28.9
14.406,185.31,188.31,1940,28.9
14.416,186.74,189.74,1987,28.9
14.426,187.05,190.05,1973,28.9
14.436,187.3,190.3,1545,28.9
14.446,188.89,191.89,1716,28.9
14.456,188.1,191.1,1763,28.9
14.466,187.7,190.7,1831,28.9
14.476,188.38,191.38,1943,28.9
14.486,189.77,192.77,1686,28.9
14.496,189.25,192.25,1905,28.9
14.506,188.2,191.2,1727,28.9
14.516,190.03,193.03,1524,28.9
14.526,190.1,193.1,2050,28.9
14.536,188.97,191.97,2222,28.9
14.546,191.55,194.55,1715,28.9
14.556,191.7,194.7,2019,28.9
14.566,190.58,193.58,1786,28.9
14.576,192.22,195.22,1877,28.9
14.586,191.96,194.96,1765,28.9
14.596,194.09,197.09,1910,28.9
14.606,191.18,194.18,1869,28.9
14.616,193.17,196.17,2069,28.9
14.626,193.71,196.71,1691,28.9
14.636,194.66,197.66,1809,28.9
14.646,196.19,199.19,1963,28.9
14.656,194.95,197.95,2239,28.9
14.666,194.9,197.9,1799,28.9
14.676,196.69,199.69,1842,28.9
14.686,196.34,199.34,1656,28.9
14.696,197.84,200.84,1393,28.9
14.706,196.58,199.58,1802,28.9
14.716,197.79,200.79,1870,28.9
14.726,196.79,199.79,1502,28.9
14.736,197.73,200.73,1742,28.9
14.746,196.37,199.37,1905,28.9
14.756,196.56,199.56,2105,28.9
14.766,196.86,199.86,1670,28.9
14.776,194.06,197.06,1992,28.9
14.786,195.88,198.88,1686,28.9
14.796,194.56,197.56,1784,28.9
14.806,194.35,197.35,1813,28.9
14.816,194.32,197.32,1896,28.9
14.826,191.56,194.56,1793,28.9
14.836,193.0,196.0,2151,28.9
14.846,189.55,192.55,2122,28.9
14.856,188.45,191.45,1719,28.9
14.866,191.72,194.72,1834,28.9
14.876,188.63,191.63,1931,28.9
14.886,190.24,193.24,2074,28.9
14.896,188.64,191.64,1806,28.9
14.906,188.69,191.69,2051,28.9
14.916,189.63,192.63,1879,28.9
14.926,188.33,191.33,1598,28.9
14.936,186.6,189.6,1810,28.9
14.946,186.96,189.96,1888,28.9
14.956,185.64,188.64,1519,28.9
14.966,184.71,187.71,1754,28.9
14.976,185.93,188.93,1691,28.9
14.986,184.12,187.12,1837,28.9
14.996,184.6,187.6,1758,28.9
15.006,183.6,186.6,1966,28.9
15.016,183.41,186.41,1920,28.9
15.026,182.9,185.9,1498,28.9
15.036,181.38,184.38,1818,28.9
15.046,181.33,184.33,1849,28.9
15.056,180.6,183.6,1706,28.9
15.066,181.19,184.19,2019,28.9
15.076,180.17,183.17,1658,28.9
15.086,180.13,183.13,1537,28.9
15.096,179.44,182.44,1929,28.9
15.106,178.93,181.93,1733,28.9
15.116,177.36,180.36,1992,28.9
15.126,177.49,180.49,1935,28.9
15.136,177.38,180.38,1786,28.9
15.146,177.01,180.01,1760,28.9
15.156,176.77,179.77,1697,28.9
15.166,175.58,178.58,1833,28.9
15.176,175.46,178.46,1932,28.9
15.186,174.72,177.72,1623,28.9
15.196,174.47,177.47,1715,28.9
15.206,175.14,178.14,1743,29.0
15.216,173.16,176.16,1683,29.0
15.226,173.28,176.28,1858,29.0
15.236,174.41,177.41,1597,29.0
15.246,174.01,177.01,1994,29.0
15.256,171.09,174.09,1903,29.0
15.266,172.08,175.08,1718,29.0
15.276,171.29,174.29,1894,29.0
15.286,170.89,173.89,1787,29.0
15.296,170.93,173.93,2011,29.0
15.306,171.69,174.69,1863,29.0
15.316,170.35,173.35,1794,29.0
15.326,170.77,173.77,1748,29.0
15.336,169.77,172.77,1896,29.0
15.346,169.71,172.71,1899,29.0
15.356,170.07,173.07,1771,29.0
15.366,168.37,171.37,1814,29.0
15.376,169.26,172.26,1670,29.0
15.386,168.22,171.22,1845,29.0
15.396,167.84,170.84,1902,29.0
15.406,167.29,170.29,1941,29.0
15.416,167.81,170.81,1929,29.0
15.426,165.78,168.78,1768,29.0
15.436,166.18,169.18,1833,29.0
15.446,166.2,169.2,1902,29.0
15.456,164.56,167.56,1582,29.0
15.466,164.94,167.94,1856,29.0
15.476,163.6,166.6,1735,29.0
15.486,163.03,166.03,1873,29.0
15.496,163.95,166.95,1604,29.0
15.506,164.37,167.37,1896,29.0
15.516,163.48,166.48,1673,29.0
15.526,163.1,166.1,1463,29.0
15.536,162.0,165.0,1846,29.0
15.546,162.6,165.6,1966,29.0
15.556,162.91,165.91,1856,29.0
15.566,162.43,165.43,1635,29.0
15.576,160.93,163.93,1724,29.0
15.586,161.63,164.63,1758,29.0
15.596,162.02,165.02,1806,29.0
15.607,160.21,163.21,1699,29.0
15.617,158.41,161.41,1969,29.0
15.627,159.35,162.35,1612,29.0
15.637,159.42,162.42,1821,29.0
15.647,159.85,162.85,1866,29.0
15.657,158.14,161.14,1762,29.0
15.667,160.16,163.16,1756,29.0
15.677,159.37,162.37,1821,29.0
15.687,157.71,160.71,1918,29.0
15.697,158.17,161.17,1895,29.0
15.707,157.21,160.21,1716,29.0
15.717,157.91,160.91,1588,29.0
15.727,157.88,160.88,1998,29.0
15.737,155.6,158.6,1519,29.0
15.747,155.15,158.15,1754,29.0
15.757,157.51,160.51,1739,29.0
15.767,155.4,158.4,1741,29.0
15.777,157.18,160.18,1863,29.0
15.787,154.8,157.8,1565,29.0
15.797,155.0,158.0,1762,29.0
15.807,154.56,157.56,1780,29.0
15.817,154.3,157.3,1939,29.0
15.827,154.52,157.52,1985,29.0
15.837,154.01,157.01,1959,29.0
15.847,154.4,157.4,1874,29.0
15.857,152.65,155.65,1884,29.0
15.867,153.76,156.76,1837,29.0
15.877,153.97,156.97,1719,29.0
15.887,153.7,156.7,1587,29.0
15.897,152.66,155.66,1835,29.0
15.907,153.22,156.22,1938,29.0
15.917,151.5,154.5,2084,29.0
15.927,151.21,154.21,1985,29.0
15.937,151.11,154.11,1650,29.0
15.947,151.11,154.11,1787,29.0
15.957,151.21,154.21,1759,29.0
15.967,149.64,152.64,1973,29.0
15.977,149.56,152.56,1579,29.0
15.987,150.52,153.52,1706,29.0
15.997,150.09,153.09,1836,29.0
16.007,150.13,153.13,1927,29.0
16.017,148.2,151.2,1776,29.0
16.027,148.78,151.78,1936,29.0
16.037,149.26,152.26,1944,29.0
16.047,149.52,152.52,1860,29.0
16.057,149.63,152.63,1568,29.0
16.067,147.79,150.79,1760,29.0
16.077,148.41,151.41,1629,29.0
16.087,146.98,149.98,1817,29.0
16.097,148.11,151.11,1684,29.0
16.107,148.22,151.22,1662,29.0
16.117,148.1,151.1,1760,29.0
16.127,147.35,150.35,1866,29.0
16.137,145.8,148.8,1713,29.0
16.147,146.88,149.88,1614,29.0
16.157,147.16,150.16,2021,29.0
16.167,145.99,148.99,1633,29.0
16.177,147.21,150.21,1632,29.0
16.187,145.38,148.38,1992,29.0
16.197,145.68,148.68,1831,29.0
16.207,145.0,148.0,1633,29.0
16.217,146.54,149.54,1694,29.0
16.227,146.54,149.54,1789,29.0
16.237,143.76,146.76,1888,29.0
16.247,143.61,146.61,1564,29.0
16.257,143.89,146.89,1766,29.0
16.267,144.61,147.61,1670,29.0
16.277,144.24,147.24,1804,29.0
16.287,144.22,147.22,1883,29.0
16.297,144.56,147.56,1649,29.0
16.307,143.9,146.9,1781,29.0
16.317,144.78,147.78,1667,29.0
16.327,144.02,147.02,1702,29.0
16.337,143.55,146.55,1968,29.0
16.347,143.39,146.39,1486,29.0
16.357,143.81,146.81,1863,29.0
16.367,143.05,146.05,1815,29.0
16.377,143.29,146.29,1992,29.0
16.387,141.36,144.36,1927,29.0
16.397,142.16,145.16,1939,29.0
16.407,141.21,144.21,1827,29.0
16.417,142.52,145.52,1933,29.0
16.427,142.62,145.62,1884,29.0
16.437,143.28,146.28,1775,29.0
16.447,141.52,144.52,1783,29.0
16.457,141.38,144.38,1718,29.0
16.467,141.65,144.65,1851,29.0
16.477,140.32,143.32,1568,29.0
16.487,140.74,143.74,1968,29.0
16.497,140.7,143.7,1763,29.0
16.507,140.5,143.5,2081,29.0
16.517,140.06,143.06,1703,29.0
16.527,139.0,142.0,2050,29.0
16.537,141.24,144.24,1608,29.0
16.547,141.02,144.02,2297,29.0
16.557,140.79,143.79,1813,29.0
16.567,139.69,142.69,1724,29.0
16.577,139.86,142.86,1809,29.0
16.587,138.81,141.81,1937,29.0
16.597,140.24,143.24,1529,29.0
16.607,139.71,142.71,1602,29.0
16.617,139.37,142.37,2076,29.0
16.627,138.86,141.86,1533,29.0
16.637,139.79,142.79,1755,29.0
16.647,138.9,141.9,1599,29.0
16.657,137.71,140.71,1612,29.0
16.667,138.81,141.81,1659,29.0
16.677,138.68,141.68,1918,29.0
16.687,138.11,141.11,2065,29.0
16.697,139.03,142.03,1814,29.0
16.707,138.54,141.54,1851,29.0
16.717,137.48,140.48,1876,29.0
16.727,137.56,140.56,1582,29.0
16.737,137.68,140.68,1644,29.0
16.747,137.13,140.13,1727,29.0
16.757,137.18,140.18,1763,29.0
16.767,137.33,140.33,1821,29.0
16.777,137.61,140.61,1883,29.0
16.787,136.67,139.67,1883,29.0
16.797,137.2,140.2,2000,29.0
16.807,136.07,139.07,1824,29.1
16.817,137.99,140.99,1758,29.1
16.827,136.65,139.65,1823,29.1
16.837,136.49,139.49,1455,29.1
16.847,135.4,138.4,1829,29.1
16.857,137.02,140.02,1978,29.1
16.867,135.5,138.5,1528,29.1
16.877,135.92,138.92,1901,29.1
16.887,136.95,139.95,1647,29.1
16.897,135.42,138.42,1810,29.1
16.907,133.81,136.81,1848,29.1
16.917,137.17,140.17,1750,29.1
16.927,135.75,138.75,1711,29.1
16.937,135.08,138.08,1838,29.1
16.947,134.73,137.73,1810,29.1
16.957,136.0,139.0,1655,29.1
16.967,134.7,137.7,1902,29.1
16.977,133.63,136.63,1754,29.1
16.987,136.15,139.15,1707,29.1
16.997,134.09,137.09,1693,29.1
17.007,134.58,137.58,1881,29.1
17.017,134.15,137.15,1863,29.1
17.027,133.84,136.84,1971,29.1
17.037,134.31,137.31,1754,29.1
17.047,134.44,137.44,1779,29.1
17.057,133.97,136.97,1838,29.1
17.067,135.36,138.36,1853,29.1
17.077,133.18,136.18,1668,29.1
17.087,133.25,136.25,1729,29.1
17.097,134.09,137.09,1803,29.1
17.107,133.69,136.69,1680,29.1
17.117,133.15,136.15,1700,29.1
17.127,133.81,136.81,1770,29.1
17.137,133.57,136.57,1903,29.1
17.147,132.86,135.86,1792,29.1
17.157,133.67,136.67,2006,29.1
17.167,133.24,136.24,2005,29.1
17.177,134.36,137.36,1733,29.1
17.187,133.68,136.68,1678,29.1
17.197,133.36,136.36,1859,29.1
17.207,132.38,135.38,1620,29.1
17.217,132.9,135.9,1779,29.1
17.227,132.0,135.0,1900,29.1
17.237,132.14,135.14,1871,29.1
17.247,134.27,137.27,1745,29.1
17.257,132.46,135.46,1970,29.1
17.267,132.29,135.29,1808,29.1
17.277,132.47,135.47,2037,29.1
17.287,132.01,135.01,1856,29.1
17.297,132.11,135.11,2055,29.1
17.307,130.39,133.39,1847,29.1
17.317,131.27,134.27,1723,29.1
17.327,131.85,134.85,1809,29.1
17.337,131.94,134.94,1707,29.1
17.347,132.2,135.2,1855,29.1
17.357,132.16,135.16,1728,29.1
17.367,132.36,135.36,1810,29.1
17.377,131.13,134.13,1680,29.1
17.387,132.25,135.25,1673,29.1
17.397,131.39,134.39,1720,29.1
17.407,132.45,135.45,2146,29.1
17.417,131.32,134.32,1725,29.1
17.427,131.67,134.67,1964,29.1
17.437,132.9,135.9,1596,29.1
17.447,130.77,133.77,1885,29.1
17.457,131.74,134.74,1581,29.1
17.467,131.48,134.48,1906,29.1
17.477,132.08,135.08,1830,29.1
17.487,131.72,134.72,1982,29.1
17.497,130.12,133.12,1797,29.1
17.507,130.32,133.32,2022,29.1
17.517,131.99,134.99,1726,29.1
17.527,131.49,134.49,1738,29.1
17.537,130.49,133.49,1863,29.1
17.547,131.15,134.15,1983,29.1
17.557,130.39,133.39,1937,29.1
17.567,130.16,133.16,1734,29.1
17.577,131.12,134.12,1806,29.1
17.587,131.09,134.09,1816,29.1
17.597,131.07,134.07,1695,29.1
17.607,130.51,133.51,1738,29.1
17.617,131.02,134.02,1727,29.1
17.627,132.59,135.59,1819,29.1
17.637,131.44,134.44,1691,29.1
17.647,129.88,132.88,1711,29.1
17.657,128.48,131.48,1624,29.1
17.667,130.33,133.33,1966,29.1
17.677,131.17,134.17,1816,29.1
17.687,128.92,131.92,1913,29.1
17.697,131.49,134.49,1783,29.1
17.707,129.82,132.82,1689,29.1
17.717,130.27,133.27,1725,29.1
17.727,130.68,133.68,1653,29.1
17.737,131.04,134.04,1820,29.1
17.747,130.23,133.23,1694,29.1
17.757,129.43,132.43,1706,29.1
17.767,129.92,132.92,1642,29.1
17.777,129.35,132.35,2011,29.1
17.787,128.68,131.68,1813,29.1
17.797,131.48,134.48,1957,29.1
17.807,130.64,133.64,1874,29.1
17.817,130.6,133.6,1645,29.1
17.827,129.12,132.12,1739,29.1
17.837,130.22,133.22,1937,29.1
17.847,129.21,132.21,1970,29.1
17.857,128.7,131.7,1731,29.1
17.867,128.56,131.56,1903,29.1
17.877,129.1,132.1,1991,29.1
17.887,128.79,131.79,1912,29.1
17.897,129.08,132.08,1757,29.1
17.907,130.84,133.84,1776,29.1
17.917,128.63,131.63,1650,29.1
17.927,130.1,133.1,1813,29.1
17.937,130.72,133.72,2045,29.1
17.947,129.78,132.78,1900,29.1
17.957,131.16,134.16,1774,29.1
17.967,129.5,132.5,1872,29.1
17.977,129.79,132.79,1941,29.1
17.987,129.37,132.37,1749,29.1
17.997,130.12,133.12,1931,29.1
18.008,130.73,133.73,1828,29.1
18.018,129.91,132.91,1904,29.1
18.028,130.54,133.54,1731,29.1
18.038,129.68,132.68,1657,29.1
18.048,131.84,134.84,1930,29.1
18.058,129.74,132.74,1870,29.1
18.068,129.26,132.26,1688,29.1
18.078,130.4,133.4,1659,29.1
18.088,130.61,133.61,2036,29.1
18.098,129.93,132.93,2022,29.1
18.108,128.75,131.75,1670,29.1
18.118,130.01,133.01,1805,29.1
18.128,130.37,133.37,1712,29.1
18.138,130.21,133.21,1839,29.1
18.148,131.29,134.29,1579,29.1
18.158,131.08,134.08,1500,29.1
18.168,130.11,133.11,1691,29.1
18.178,130.99,133.99,1804,29.1
18.188,129.9,132.9,1737,29.1
18.198,131.7,134.7,2016,29.1
18.208,129.1,132.1,1753,29.1
18.218,130.39,133.39,1653,29.1
18.228,129.62,132.62,1826,29.1
18.238,128.24,131.24,1933,29.1
18.248,131.33,134.33,1839,29.1
18.258,130.87,133.87,1645,29.1
18.268,130.28,133.28,1881,29.1
18.278,130.24,133.24,1751,29.1
18.288,130.8,133.8,1897,29.1
18.298,130.26,133.26,1948,29.1
18.308,130.29,133.29,1761,29.1
18.318,129.44,132.44,1947,29.1
18.328,129.82,132.82,1810,29.1
18.338,131.52,134.52,1749,29.1
18.348,131.03,134.03,1619,29.1
18.358,129.57,132.57,1549,29.1
18.368,130.73,133.73,1832,29.1
18.378,130.88,133.88,1732,29.1
18.388,129.51,132.51,1765,29.1
18.398,130.01,133.01,1680,29.1
18.408,130.49,133.49,1567,29.2
18.418,130.5,133.5,1973,29.2
18.428,130.49,133.49,1714,29.2
18.438,132.62,135.62,1906,29.2
18.448,131.75,134.75,1763,29.2
18.458,131.42,134.42,1680,29.2
18.468,130.25,133.25,1622,29.2
18.478,129.88,132.88,1959,29.2
18.488,132.18,135.18,1716,29.2
18.498,130.58,133.58,1652,29.2
18.508,130.15,133.15,1638,29.2
18.518,132.61,135.61,1791,29.2
18.528,131.04,134.04,1668,29.2
18.538,131.03,134.03,1964,29.2
18.548,131.86,134.86,1907,29.2
18.558,131.84,134.84,1837,29.2
18.568,131.85,134.85,1880,29.2
18.578,131.39,134.39,2026,29.2
18.588,131.29,134.29,1829,29.2
18.598,130.95,133.95,1744,29.2
18.608,132.36,135.36,1986,29.2
18.618,132.01,135.01,1690,29.2
18.628,130.16,133.16,1960,29.2
18.638,131.81,134.81,1772,29.2
18.648,131.68,134.68,1731,29.2
18.658,131.47,134.47,1878,29.2
18.668,132.41,135.41,1642,29.2
18.678,132.22,135.22,1778,29.2
18.688,134.16,137.16,1619,29.2
18.698,133.67,136.67,1664,29.2
18.708,131.25,134.25,1925,29.2
18.718,132.82,135.82,1772,29.2
18.728,132.86,135.86,1751,29.2
18.738,132.52,135.52,1684,29.2
18.748,133.24,136.24,1942,29.2
18.758,132.35,135.35,1618,29.2
18.768,132.36,135.36,1876,29.2
18.778,132.31,135.31,2019,29.2
18.788,132.78,135.78,1650,29.2
18.798,131.52,134.52,1362,29.2
18.808,132.2,135.2,1856,29.2
18.818,133.09,136.09,1828,29.2
18.828,133.42,136.42,1948,29.2
18.838,135.08,138.08,1552,29.2
18.848,133.85,136.85,1910,29.2
18.858,133.46,136.46,1721,29.2
18.868,131.93,134.93,1907,29.2
18.878,132.87,135.87,1644,29.2
18.888,132.36,135.36,1923,29.2
18.898,134.37,137.37,1877,29.2
18.908,133.06,136.06,1910,29.2
18.918,133.27,136.27,1748,29.2
18.928,134.92,137.92,1863,29.2
18.938,134.01,137.01,1579,29.2
18.948,134.68,137.68,1856,29.2
18.958,134.29,137.29,1867,29.2
18.968,134.71,137.71,2033,29.2
18.978,134.6,137.6,1634,29.2
18.988,135.42,138.42,1761,29.2
18.998,133.65,136.65,1707,29.2
19.008,134.95,137.95,1527,29.2
19.018,134.44,137.44,1833,29.2
19.028,134.93,137.93,2050,29.2
19.038,134.45,137.45,1767,29.2
19.048,134.11,137.11,2043,29.2
19.058,135.17,138.17,1914,29.2
19.068,135.98,138.98,1805,29.2
19.078,134.53,137.53,2081,29.2
19.088,135.1,138.1,2166,29.2
19.098,137.44,140.44,1837,29.2
19.108,137.23,140.23,1784,29.2
19.118,136.96,139.96,2218,29.2
19.128,135.03,138.03,1799,29.2
19.138,135.77,138.77,1611,29.2
19.148,135.7,138.7,1483,29.2
19.158,135.83,138.83,2107,29.2
19.168,136.41,139.41,2012,29.2
19.178,136.16,139.16,1490,29.2
19.188,135.72,138.72,1581,29.2
19.198,135.96,138.96,1881,29.2
19.208,136.14,139.14,1841,29.2
19.218,136.14,139.14,1788,29.2
19.228,137.42,140.42,1792,29.2
19.238,137.4,140.4,1585,29.2
19.248,139.38,142.38,1592,29.2
19.258,136.64,139.64,1863,29.2
19.268,135.91,138.91,1808,29.2
19.278,138.56,141.56,1904,29.2
19.288,138.15,141.15,1880,29.2
19.298,137.3,140.3,1910,29.2
19.308,137.36,140.36,1784,29.2
19.318,137.69,140.69,1477,29.2
19.328,138.58,141.58,1910,29.2
19.338,137.69,140.69,2049,29.2
19.348,137.7,140.7,1679,29.2
19.358,139.17,142.17,1750,29.2
19.368,137.85,140.85,1717,29.2
19.378,138.81,141.81,1891,29.2
19.388,139.98,142.98,1723,29.2
19.398,140.27,143.27,1854,29.2
19.408,137.71,140.71,1500,29.2
19.418,139.06,142.06,1870,29.2
19.428,139.13,142.13,1915,29.2
19.438,140.2,143.2,1785,29.2
19.448,140.47,143.47,1703,29.2
19.458,140.18,143.18,1621,29.2
19.468,139.7,142.7,1703,29.2
19.478,140.22,143.22,1571,29.2
19.488,140.83,143.83,1609,29.2
19.498,139.85,142.85,1807,29.2
19.508,141.4,144.4,1919,29.2
19.518,141.57,144.57,1651,29.2
19.528,141.84,144.84,1887,29.2
19.538,140.47,143.47,1976,29.2
19.548,141.39,144.39,1754,29.2
19.558,141.75,144.75,1805,29.2
19.568,142.31,145.31,1900,29.2
19.578,142.78,145.78,1962,29.2
19.588,142.16,145.16,1846,29.2
19.598,141.74,144.74,1593,29.2
19.608,142.09,145.09,1659,29.2
19.618,142.9,145.9,1645,29.2
19.628,142.31,145.31,1742,29.2
19.638,143.14,146.14,2017,29.2
19.648,143.29,146.29,1853,29.2
19.658,142.19,145.19,1643,29.2
19.668,143.02,146.02,1748,29.2
19.678,144.46,147.46,1732,29.2
19.688,145.12,148.12,1908,29.2
19.698,142.9,145.9,1785,29.2
19.708,145.32,148.32,1746,29.2
19.718,145.52,148.52,1710,29.2
19.728,144.69,147.69,1941,29.2
19.738,145.0,148.0,1534,29.2
19.748,146.49,149.49,1785,29.2
19.758,144.82,147.82,1643,29.2
19.768,144.27,147.27,1874,29.2
19.778,146.0,149.0,1613,29.2
19.788,145.83,148.83,1633,29.2
19.798,146.51,149.51,1621,29.2
19.808,147.1,150.1,1920,29.2
19.818,144.91,147.91,1754,29.2
19.828,146.61,149.61,1948,29.2
19.838,147.77,150.77,1857,29.2
19.848,145.28,148.28,1886,29.2
19.858,146.32,149.32,1847,29.2
19.868,147.27,150.27,1927,29.2
19.878,148.82,151.82,2052,29.2
19.888,148.07,151.07,1757,29.2
19.898,147.86,150.86,1655,29.2
19.908,148.92,151.92,1691,29.2
19.918,146.07,149.07,1589,29.2
19.928,148.97,151.97,1873,29.2
19.938,148.22,151.22,1688,29.2
19.948,150.86,153.86,1846,29.2
19.958,148.97,151.97,1932,29.2
19.968,148.81,151.81,1938,29.2
19.978,149.55,152.55,1821,29.2
19.988,150.45,153.45,1615,29.2
19.998,149.96,152.96,2005,29.2
20.008,150.07,153.07,1844,29.3
20.018,150.3,153.3,1893,29.3
20.028,151.43,154.43,1858,29.3
20.038,151.74,154.74,1723,29.3
20.048,151.45,154.45,2034,29.3
20.058,151.11,154.11,1634,29.3
20.068,150.78,153.78,1805,29.3
20.078,151.52,154.52,1680,29.3
20.088,152.33,155.33,1856,29.3
20.098,152.35,155.35,1688,29.3
20.108,153.7,156.7,1794,29.3
20.118,152.88,155.88,1722,29.3
20.128,153.02,156.02,1519,29.3
20.138,154.4,157.4,1881,29.3
20.148,154.88,157.88,1650,29.3
20.158,154.18,157.18,1749,29.3
20.168,153.9,156.9,1753,29.3
20.178,153.67,156.67,2076,29.3
20.188,154.57,157.57,1855,29.3
20.198,153.17,156.17,1677,29.3
20.208,154.06,157.06,1626,29.3
20.218,155.46,158.46,1863,29.3
20.228,154.82,157.82,1613,29.3
20.238,156.41,159.41,1996,29.3
20.248,156.94,159.94,1320,29.3
20.258,156.16,159.16,1980,29.3
20.268,157.18,160.18,1758,29.3
20.278,157.55,160.55,2001,29.3
20.288,157.98,160.98,1698,29.3
20.298,157.54,160.54,1823,29.3
20.308,157.91,160.91,1667,29.3
20.318,156.67,159.67,2021,29.3
20.328,157.77,160.77,1590,29.3
20.338,159.84,162.84,2033,29.3
20.348,160.04,163.04,1745,29.3
20.358,160.24,163.24,1864,29.3
20.368,160.74,163.74,1820,29.3
20.378,159.69,162.69,1800,29.3
20.388,161.13,164.13,1692,29.3
20.398,161.53,164.53,1979,29.3
20.409,161.17,164.17,1795,29.3
20.419,161.21,164.21,1999,29.3
20.429,161.59,164.59,1473,29.3
20.439,161.53,164.53,1671,29.3
20.449,161.96,164.96,1767,29.3
20.459,161.58,164.58,1858,29.3
20.469,164.32,167.32,1880,29.3
20.479,162.38,165.38,1835,29.3
20.489,164.48,167.48,1469,29.3
20.499,164.89,167.89,1603,29.3
20.509,163.73,166.73,1820,29.3
20.519,163.02,166.02,1631,29.3
20.529,164.21,167.21,1795,29.3
20.539,164.44,167.44,2003,29.3
20.549,166.4,169.4,1706,29.3
20.559,165.06,168.06,1867,29.3
20.569,166.17,169.17,1763,29.3
20.579,166.13,169.13,1709,29.3
20.589,165.91,168.91,1538,29.3
20.599,167.17,170.17,1881,29.3
20.609,168.11,171.11,1838,29.3
20.619,167.41,170.41,2060,29.3
20.629,168.38,171.38,1751,29.3
20.639,168.97,171.97,1855,29.3
20.649,169.34,172.34,1514,29.3
20.659,169.17,172.17,1658,29.3
20.669,169.78,172.78,1688,29.3
20.679,170.42,173.42,1621,29.3
20.689,169.89,172.89,1849,29.3
20.699,170.48,173.48,1908,29.3
20.709,171.78,174.78,1495,29.3
20.719,171.73,174.73,2101,29.3
20.729,171.69,174.69,1674,29.3
20.739,172.78,175.78,1925,29.3
20.749,173.77,176.77,1842,29.3
20.759,172.56,175.56,1851,29.3
20.769,174.25,177.25,1707,29.3
20.779,174.02,177.02,1860,29.3
20.789,174.44,177.44,2006,29.3
20.799,175.29,178.29,1811,29.3
20.809,175.91,178.91,2016,29.3
20.819,175.73,178.73,1724,29.3
20.829,175.49,178.49,1561,29.3
20.839,177.06,180.06,1923,29.3
20.849,176.73,179.73,2119,29.3
20.859,178.07,181.07,1976,29.3
20.869,179.08,182.08,1832,29.3
20.879,178.52,181.52,1794,29.3
20.889,179.82,182.82,1593,29.3
20.899,178.84,181.84,1653,29.3
20.909,178.83,181.83,2026,29.3
20.919,178.55,181.55,1956,29.3
20.929,180.81,183.81,1730,29.3
20.939,179.68,182.68,1795,29.3
20.949,181.82,184.82,1647,29.3
20.959,182.93,185.93,1762,29.3
20.969,183.02,186.02,2002,29.3
20.979,183.67,186.67,1608,29.3
20.989,181.84,184.84,1830,29.3
20.999,184.23,187.23,1788,29.3
21.009,185.22,188.22,1983,29.3
21.019,184.31,187.31,1702,29.3
21.029,185.17,188.17,1839,29.3
21.039,186.87,189.87,1847,29.3
21.049,185.53,188.53,1671,29.3
21.059,186.94,189.94,1792,29.3
21.069,186.46,189.46,1808,29.3
21.079,188.37,191.37,1748,29.3
21.089,189.15,192.15,1971,29.3
21.099,189.18,192.18,1720,29.3
21.109,190.4,193.4,1894,29.3
21.119,189.82,192.82,1903,29.3
21.129,190.18,193.18,1990,29.3
21.139,190.92,193.92,1682,29.3
21.149,190.81,193.81,1875,29.3
21.159,192.36,195.36,1754,29.3
21.169,191.08,194.08,1963,29.3
21.179,191.56,194.56,1645,29.3
21.189,193.07,196.07,1750,29.3
21.199,195.22,198.22,1987,29.3
21.209,195.46,198.46,1651,29.3
21.219,195.53,198.53,1741,29.3
21.229,196.25,199.25,1700,29.3
21.239,197.49,200.49,2072,29.3
21.249,197.24,200.24,1999,29.3
21.259,196.89,199.89,1829,29.3
21.269,197.83,200.83,1876,29.3
21.279,197.47,200.47,1870,29.3
21.289,197.77,200.77,1545,29.3
21.299,198.15,201.15,1922,29.3
21.309,195.64,198.64,2027,29.3
21.319,197.34,200.34,1619,29.3
21.329,196.11,199.11,1835,29.3
21.339,194.33,197.33,1493,29.3
21.349,194.32,197.32,1764,29.3
21.359,194.09,197.09,1522,29.3
21.369,193.65,196.65,1851,29.3
21.379,193.57,196.57,1988,29.3
21.389,195.01,198.01,2028,29.3
21.399,192.53,195.53,1641,29.3
21.409,192.21,195.21,1795,29.3
21.419,193.23,196.23,1840,29.3
21.429,192.58,195.58,1835,29.3
21.439,189.99,192.99,1998,29.3
21.449,191.76,194.76,1853,29.3
21.459,190.29,193.29,1902,29.3
21.469,190.52,193.52,1738,29.3
21.479,189.82,192.82,2160,29.3
21.489,189.24,192.24,1908,29.3
21.499,188.55,191.55,1720,29.3
21.509,188.48,191.48,1710,29.3
21.519,189.13,192.13,1959,29.3
21.529,187.69,190.69,1829,29.3
21.539,188.95,191.95,1948,29.3
21.549,187.11,190.11,2145,29.3
21.559,187.12,190.12,2016,29.3
21.569,185.65,188.65,1762,29.3
21.579,185.95,188.95,1925,29.3
21.589,186.81,189.81,2181,29.3
21.599,184.8,187.8,1929,29.3
21.609,186.23,189.23,2015,29.4
21.619,183.65,186.65,1943,29.4
21.629,184.22,187.22,1863,29.4
21.639,184.5,187.5,1758,29.4
21.649,182.45,185.45,1713,29.4
21.659,184.44,187.44,1879,29.4
21.669,182.98,185.98,1476,29.4
21.679,182.0,185.0,1821,29.4
21.689,182.6,185.6,1686,29.4
21.699,182.91,185.91,1646,29.4
21.709,181.3,184.3,1742,29.4
21.719,182.41,185.41,1966,29.4
21.729,181.38,184.38,1839,29.4
21.739,182.84,185.84,1881,29.4
21.749,180.32,183.32,1902,29.4
21.759,179.75,182.75,1808,29.4
21.769,179.73,182.73,1970,29.4
21.779,179.74,182.74,1707,29.4
21.789,179.91,182.91,1898,29.4
21.799,177.99,180.99,1824,29.4
21.809,178.32,181.32,1764,29.4
21.819,176.84,179.84,1647,29.4
21.829,177.62,180.62,1856,29.4
21.839,177.83,180.83,2118,29.4
21.849,177.47,180.47,1618,29.4
21.859,175.46,178.46,1779,29.4
21.869,175.66,178.66,1677,29.4
21.879,177.26,180.26,1738,29.4
21.889,177.1,180.1,1994,29.4
21.899,176.68,179.68,1930,29.4
21.909,176.08,179.08,1653,29.4
21.919,176.7,179.7,2206,29.4
21.929,175.04,178.04,1935,29.4
21.939,173.81,176.81,1748,29.4
21.949,174.09,177.09,2030,29.4
21.959,174.68,177.68,1954,29.4
21.969,174.48,177.48,1847,29.4
21.979,173.26,176.26,1625,29.4
21.989,174.26,177.26,1677,29.4
21.999,172.92,175.92,1751,29.4
22.009,172.7,175.7,1818,29.4
22.019,173.51,176.51,1775,29.4
22.029,171.83,174.83,1824,29.4
22.039,172.24,175.24,1837,29.4
22.049,169.86,172.86,1933,29.4
22.059,171.64,174.64,1955,29.4
22.069,171.98,174.98,1675,29.4
22.079,172.2,175.2,1689,29.4
22.089,170.13,173.13,1788,29.4
22.099,170.81,173.81,1813,29.4
22.109,170.93,173.93,1865,29.4
22.119,168.78,171.78,1755,29.4
22.129,171.28,174.28,1858,29.4
22.139,169.98,172.98,1773,29.4
22.149,169.74,172.74,1759,29.4
22.159,169.5,172.5,1919,29.4
22.169,168.74,171.74,1797,29.4
22.179,169.03,172.03,1847,29.4
22.189,168.21,171.21,1675,29.4
22.199,166.83,169.83,1917,29.4
22.209,167.99,170.99,1846,29.4
22.219,168.44,171.44,1948,29.4
22.229,167.51,170.51,1537,29.4
22.239,168.81,171.81,1739,29.4
22.249,168.47,171.47,1780,29.4
22.259,167.54,170.54,2050,29.4
22.269,166.79,169.79,1878,29.4
22.279,166.89,169.89,1454,29.4
22.289,166.12,169.12,1729,29.4
22.299,166.89,169.89,2150,29.4
22.309,164.66,167.66,1765,29.4
22.319,165.82,168.82,1596,29.4
22.329,165.34,168.34,1684,29.4
22.339,164.54,167.54,1861,29.4
22.349,164.77,167.77,1878,29.4
22.359,164.94,167.94,1860,29.4
22.369,163.96,166.96,1788,29.4
22.379,164.41,167.41,1777,29.4
22.389,162.59,165.59,1812,29.4
22.399,164.17,167.17,1472,29.4
22.409,163.96,166.96,1762,29.4
22.419,164.62,167.62,1926,29.4
22.429,165.1,168.1,2055,29.4
22.439,163.35,166.35,1764,29.4
22.449,164.62,167.62,1845,29.4
22.459,162.1,165.1,1756,29.4
22.469,162.29,165.29,2084,29.4
22.479,161.78,164.78,1759,29.4
22.489,162.43,165.43,1860,29.4
22.499,162.06,165.06,1936,29.4
22.509,162.25,165.25,1638,29.4
22.519,162.65,165.65,1864,29.4
22.529,160.9,163.9,1640,29.4
22.539,161.7,164.7,2115,29.4
22.549,161.39,164.39,2142,29.4
22.559,160.18,163.18,1749,29.4
22.569,161.16,164.16,1631,29.4
22.579,160.97,163.97,1822,29.4
22.589,161.21,164.21,1801,29.4
22.599,160.65,163.65,1811,29.4
22.609,161.49,164.49,1852,29.4
22.619,161.29,164.29,1805,29.4
22.629,160.14,163.14,1763,29.4
22.639,160.98,163.98,1925,29.4
22.649,161.35,164.35,1920,29.4
22.659,159.64,162.64,1981,29.4
22.669,158.97,161.97,1871,29.4
22.679,160.4,163.4,1743,29.4
22.689,160.71,163.71,1814,29.4
22.699,158.64,161.64,1899,29.4
22.709,159.44,162.44,1911,29.4
22.719,159.97,162.97,1681,29.4
22.729,158.93,161.93,1677,29.4
22.739,158.04,161.04,1842,29.4
22.749,158.5,161.5,1718,29.4
22.759,159.73,162.73,1701,29.4
22.769,157.56,160.56,1882,29.4
22.779,155.37,158.37,1475,29.4
22.789,158.77,161.77,1645,29.4
22.799,157.25,160.25,1820,29.4
22.81,157.27,160.27,1864,29.4
22.82,157.78,160.78,1798,29.4
22.83,158.07,161.07,1689,29.4
22.84,155.79,158.79,1868,29.4
22.85,157.65,160.65,1590,29.4
22.86,157.21,160.21,1750,29.4
22.87,157.67,160.67,2078,29.4
22.88,157.1,160.1,1756,29.4
22.89,156.53,159.53,1874,29.4
22.9,156.46,159.46,1608,29.4
22.91,157.95,160.95,1868,29.4
22.92,155.26,158.26,1770,29.4
22.93,155.54,158.54,1935,29.4
22.94,156.29,159.29,1779,29.4
22.95,155.68,158.68,1730,29.4
22.96,156.14,159.14,1596,29.4
22.97,156.43,159.43,1742,29.4
22.98,156.24,159.24,1824,29.4
22.99,154.33,157.33,1682,29.4
23.0,155.43,158.43,1976,29.4
23.01,155.71,158.71,1858,29.4
23.02,154.01,157.01,1799,29.4
23.03,155.69,158.69,1575,29.4
23.04,155.16,158.16,1440,29.4
23.05,156.51,159.51,1720,29.4
23.06,154.98,157.98,1813,29.4
23.07,153.48,156.48,1483,29.4
23.08,153.39,156.39,1905,29.4
23.09,154.51,157.51,1781,29.4
23.1,153.85,156.85,1966,29.4
23.11,155.49,158.49,1806,29.4
23.12,154.44,157.44,2042,29.4
23.13,154.74,157.74,1975,29.4
23.14,154.31,157.31,2044,29.4
23.15,153.52,156.52,1906,29.4
23.16,154.06,157.06,1783,29.4
23.17,152.37,155.37,1519,29.4
23.18,153.79,156.79,1593,29.4
23.19,153.57,156.57,1678,29.4
23.2,153.74,156.74,1986,29.4
23.21,152.68,155.68,1661,29.5
23.22,154.08,157.08,1858,29.5
23.23,153.66,156.66,2004,29.5
23.24,153.79,156.79,1950,29.5
23.25,154.86,157.86,1844,29.5
23.26,151.69,154.69,1787,29.5
23.27,152.34,155.34,1900,29.5
23.28,153.37,156.37,1605,29.5
23.29,152.02,155.02,2108,29.5
23.3,153.11,156.11,1884,29.5
23.31,151.42,154.42,1698,29.5
23.32,153.1,156.1,1786,29.5
23.33,152.45,155.45,1869,29.5
23.34,152.1,155.1,1713,29.5
23.35,153.17,156.17,1604,29.5
23.36,151.93,154.93,2022,29.5
23.37,151.6,154.6,1941,29.5
23.38,151.61,154.61,1909,29.5
23.39,152.8,155.8,1983,29.5
23.4,151.68,154.68,1905,29.5
23.41,151.9,154.9,1949,29.5
23.42,151.27,154.27,1566,29.5
23.43,152.43,155.43,1763,29.5
23.44,151.78,154.78,1809,29.5
23.45,151.13,154.13,1624,29.5
23.46,151.53,154.53,1584,29.5
23.47,151.16,154.16,1715,29.5
23.48,152.57,155.57,1675,29.5
23.49,151.19,154.19,1802,29.5
23.5,151.53,154.53,2035,29.5
23.51,150.6,153.6,1859,29.5
23.52,152.37,155.37,1707,29.5
23.53,150.47,153.47,2083,29.5
23.54,151.73,154.73,1583,29.5
23.55,150.32,153.32,1754,29.5
23.56,150.7,153.7,1747,29.5
23.57,151.04,154.04,1776,29.5
23.58,151.62,154.62,2078,29.5
23.59,150.48,153.48,1971,29.5
23.6,149.7,152.7,1952,29.5
23.61,149.68,152.68,2088,29.5
23.62,150.45,153.45,1836,29.5
23.63,150.61,153.61,2060,29.5
23.64,150.77,153.77,1885,29.5
23.65,151.56,154.56,1958,29.5
23.66,150.72,153.72,1696,29.5
23.67,152.7,155.7,1875,29.5
23.68,152.25,155.25,1769,29.5
23.69,149.47,152.47,1851,29.5
23.7,149.65,152.65,1681,29.5
23.71,150.51,153.51,1527,29.5
23.72,149.66,152.66,1765,29.5
23.73,151.34,154.34,1647,29.5
23.74,150.33,153.33,1719,29.5
23.75,149.79,152.79,1807,29.5
23.76,150.22,153.22,1938,29.5
23.77,150.59,153.59,1867,29.5
23.78,150.62,153.62,2094,29.5
23.79,149.54,152.54,1893,29.5
23.8,152.0,155.0,1694,29.5
23.81,150.46,153.46,1827,29.5
23.82,150.28,153.28,1983,29.5
23.83,149.05,152.05,1782,29.5
23.84,150.53,153.53,1629,29.5
23.85,148.8,151.8,1724,29.5
23.86,150.84,153.84,1619,29.5
23.87,150.18,153.18,1700,29.5
23.88,151.03,154.03,1886,29.5
23.89,149.26,152.26,1775,29.5
23.9,149.24,152.24,1764,29.5
23.91,149.21,152.21,1928,29.5
23.92,149.33,152.33,1677,29.5
23.93,151.23,154.23,1703,29.5
23.94,150.91,153.91,1668,29.5
23.95,149.12,152.12,1612,29.5
23.96,149.98,152.98,1405,29.5
23.97,149.59,152.59,1863,29.5
23.98,152.03,155.03,1587,29.5
23.99,149.7,152.7,1759,29.5
24.0,150.33,153.33,1825,29.5
